Path,DSMdv,LC3,Avinf,Lcdate,TOF
332358,0.239,189.51,16.506,2033-10-27,14.61
332358,0.209,209.62,12.38,2034-12-21,13.39
332358,0.091,125.072,9.548,2031-11-11,12.87
332358,0.253,149.655,11.173,2031-09-20,8.54
332358,0.217,99.294,13.97,2037-10-22,14.48
332358,0.234,217.282,13.958,2034-02-24,14.27
332358,0.13,222.652,6.833,2038-01-04,11.98
332358,0.131,121.741,11.643,2039-07-02,11.75
332358,0.186,129.685,16.126,2031-12-09,12.45
332358,0.098,111.831,14.371,2032-04-25,13.46
332358,0.179,197.79,8.623,2036-10-23,14.58
332358,0.252,175.281,16.66,2037-03-24,11.57
332358,0.167,193.696,13.506,2037-07-02,14.62
332358,0.205,191.309,10.249,2037-02-08,12.05
332358,0.154,216.013,9.182,2036-05-22,13.84
332358,0.253,117.871,21.228,2038-09-27,13.19
332358,0.109,168.68,13.311,2037-02-08,11.3
332358,0.189,130.544,16.211,2039-12-07,13.19
332358,0.152,170.894,17.185,2031-10-26,14.61
332358,0.231,169.892,9.887,2035-04-06,15.0
332358,0.101,86.5,6.09,2036-08-02,13.33
332358,0.196,153.829,12.922,2038-04-26,13.25
332358,0.062,188.241,12.524,2035-01-08,14.81
332358,0.314,164.39,4.991,2036-05-08,13.55
332358,0.157,143.486,9.515,2037-04-23,11.85
332358,0.054,120.878,7.109,2037-04-25,13.91
332358,0.155,164.99,9.043,2031-09-24,10.78
332358,0.183,174.994,9.906,2034-12-27,14.16
332358,0.051,142.055,12.535,2036-10-07,13.02
332358,0.223,204.198,15.485,2039-05-01,14.3
332358,0.226,118.077,10.05,2036-08-06,14.78
332358,0.138,213.196,6.844,2037-07-30,13.52
332358,0.168,99.386,17.17,2031-10-14,14.52
332358,0.107,179.695,10.14,2032-02-25,12.59
332358,0.118,201.971,7.677,2035-05-24,14.55
332358,0.162,221.244,21.043,2037-01-15,10.64
332358,0.106,135.807,12.875,2035-03-21,13.73
332358,0.04,179.666,16.439,2034-03-26,14.19
332358,0.093,129.273,8.464,2036-12-26,13.78
332358,0.068,191.429,12.667,2034-05-03,15.0
332358,0.145,175.874,21.38,2037-01-21,10.62
332358,0.219,102.904,5.144,2039-07-16,10.28
332358,0.175,203.343,14.909,2039-10-12,14.44
332358,0.086,193.472,4.825,2038-08-28,11.24
332358,0.11,141.934,10.883,2037-05-11,14.79
332358,0.128,146.633,11.601,2033-09-23,13.9
332358,0.148,184.197,10.478,2037-08-15,14.03
332358,0.193,114.603,9.376,2034-06-04,14.92
332358,0.155,170.019,13.366,2037-06-14,13.37
332358,0.106,222.971,9.76,2036-08-04,14.09
332358,0.21,203.689,14.204,2037-12-23,14.37
332358,0.285,213.345,5.246,2038-04-06,12.07
332358,0.144,220.711,7.389,2035-05-14,14.68
332358,0.316,218.91,14.798,2036-06-27,12.38
332358,0.171,210.177,14.096,2037-10-08,14.7
332358,0.231,188.065,12.541,2037-09-08,14.24
332358,0.142,212.039,9.867,2035-10-21,13.36
332358,0.062,100.54,9.875,2032-01-12,12.7
332358,0.155,85.652,13.68,2038-02-11,14.86
332358,0.239,213.137,22.742,2035-11-06,12.19
332358,0.103,130.802,18.752,2032-11-29,13.33
332358,0.16,153.917,22.75,2035-02-07,13.11
332358,0.28,216.619,14.305,2039-01-17,14.77
332358,0.177,203.89,5.263,2037-01-25,12.79
332358,0.221,194.298,16.801,2037-06-12,11.35
332358,0.129,201.634,12.419,2032-02-01,13.39
332358,0.21,95.455,19.959,2037-03-02,9.61
332358,0.199,210.693,24.496,2033-05-24,14.99
332358,0.288,211.082,8.925,2034-06-06,14.78
332358,0.154,165.47,7.224,2035-06-29,12.93
332358,0.136,182.293,12.456,2034-12-13,10.53
332358,0.245,160.055,15.085,2038-03-15,15.0
332358,0.078,92.936,6.844,2037-07-28,12.4
332358,0.103,204.316,9.03,2031-04-25,11.2
332358,0.155,222.761,11.107,2036-09-03,14.71
332358,0.149,222.421,9.802,2036-10-11,13.13
332358,0.178,191.455,18.823,2036-03-01,12.27
332358,0.215,221.446,11.703,2037-07-12,14.59
332358,0.125,174.126,10.465,2037-07-04,12.37
332358,0.203,170.483,20.624,2035-02-01,13.23
332358,0.105,216.547,11.974,2039-11-27,11.37
332358,0.136,217.866,23.925,2039-01-25,9.28
332358,0.32,119.659,11.397,2032-03-22,10.58
332358,0.153,196.699,12.326,2034-05-21,10.87
332358,0.192,121.822,17.562,2035-12-10,10.64
332358,0.17,183.518,22.15,2034-04-27,14.1
332358,0.138,178.015,15.463,2039-08-21,13.72
332358,0.169,203.959,9.157,2032-05-21,10.13
332358,0.244,200.483,12.053,2035-03-29,14.93
332358,0.147,217.607,8.426,2035-01-10,14.81
332358,0.184,126.426,9.867,2038-04-08,11.4
332358,0.126,207.971,15.848,2034-12-31,11.21
332358,0.275,213.476,15.983,2034-07-04,13.95
332358,0.167,141.408,19.04,2034-10-30,13.39
332358,0.121,82.555,19.017,2038-06-21,9.95
332358,0.203,146.251,11.768,2036-05-28,14.98
332358,0.164,153.2,19.956,2037-12-23,10.33
332358,0.138,178.052,21.324,2034-02-04,14.49
332358,0.076,213.672,5.166,2037-05-01,12.6
332358,0.089,80.804,12.925,2030-12-30,14.79
332358,0.216,141.424,22.504,2035-01-14,13.18
332358,0.252,194.679,15.541,2032-12-13,14.37
332358,0.268,193.363,12.041,2038-09-17,12.7
332358,0.217,126.564,21.581,2038-08-02,13.38
332358,0.175,194.376,10.647,2039-02-14,10.6
332358,0.236,165.017,9.176,2032-07-08,11.47
332358,0.206,108.339,13.988,2035-03-07,13.04
332358,0.168,143.351,20.908,2037-02-14,14.9
332358,0.261,207.522,16.773,2035-01-08,13.41
332358,0.123,204.985,14.087,2038-05-30,14.84
332358,0.145,178.481,6.028,2037-03-08,12.72
332358,0.312,65.841,15.942,2036-04-12,12.55
332358,0.084,169.683,9.154,2034-03-04,14.99
332358,0.183,99.493,10.213,2033-11-08,10.5
332358,0.185,123.699,16.321,2035-06-09,13.52
332358,0.174,155.116,24.671,2033-05-10,14.97
332358,0.333,190.294,10.289,2036-08-06,12.56
332358,0.148,200.007,7.02,2034-04-29,14.48
332358,0.117,200.662,7.224,2035-02-05,14.96
332358,0.165,180.655,14.56,2038-01-06,14.93
332358,0.26,175.026,10.234,2037-04-05,14.37
332358,0.179,140.244,8.823,2037-08-15,13.86
332358,0.242,122.182,6.777,2039-07-14,11.11
332358,0.143,164.351,17.352,2033-02-13,13.39
332358,0.172,159.211,8.314,2036-01-29,14.62
332358,0.179,168.958,15.089,2036-03-23,11.84
332358,0.203,100.144,9.079,2031-02-04,13.27
332358,0.054,215.881,17.096,2034-10-20,12.88
332358,0.21,200.146,14.452,2038-04-18,14.99
332358,0.123,203.565,12.27,2038-10-09,14.14
332358,0.183,142.018,9.941,2034-02-02,14.29
332358,0.14,203.524,22.66,2034-01-01,14.42
332358,0.303,206.949,11.817,2035-02-09,14.39
332358,0.151,121.507,20.232,2035-01-04,13.33
332358,0.219,135.844,11.408,2034-01-17,13.96
332358,0.162,207.176,8.235,2038-07-07,12.44
332358,0.081,219.574,9.819,2036-07-13,12.63
332358,0.24,97.531,5.04,2035-06-13,14.48
332358,0.151,216.63,24.03,2038-11-28,13.57
332358,0.14,156.652,10.211,2038-04-30,10.79
332358,0.256,164.586,14.55,2034-09-28,12.19
332358,0.292,195.925,11.055,2035-02-09,14.61
332358,0.127,153.115,11.511,2034-12-07,14.75
332358,0.216,218.606,19.495,2034-03-10,14.22
332358,0.123,138.425,5.134,2036-07-13,13.3
332358,0.143,135.125,14.189,2037-01-21,14.81
332358,0.21,218.139,6.941,2038-02-03,13.07
332358,0.189,215.732,10.378,2037-04-01,14.88
332358,0.154,118.288,10.289,2037-08-11,11.55
332358,0.156,211.742,16.87,2032-02-15,14.3
332358,0.306,147.129,10.695,2036-06-03,11.83
332358,0.187,113.834,10.173,2032-11-09,11.92
332358,0.217,210.144,14.075,2032-12-09,14.75
332358,0.152,165.107,16.659,2035-01-14,13.71
332358,0.201,202.276,11.609,2035-04-10,14.93
332358,0.116,174.506,4.818,2037-04-17,12.61
332358,0.189,123.324,12.669,2032-04-13,10.96
332358,0.121,175.29,10.833,2037-05-29,14.76
332358,0.184,223.01,14.606,2037-08-17,14.81
332358,0.205,221.755,14.024,2036-09-29,12.6
332358,0.236,190.818,6.211,2031-05-01,9.9
332358,0.31,220.796,9.533,2037-04-09,11.89
332358,0.238,190.049,7.57,2039-11-13,10.02
332358,0.23,171.043,18.975,2036-05-30,12.01
332358,0.198,186.0,16.521,2035-01-22,13.34
332358,0.163,200.235,20.89,2035-02-19,12.55
332358,0.223,217.383,20.138,2035-08-06,12.97
332358,0.093,168.967,10.904,2037-04-05,12.48
332358,0.126,193.856,12.026,2037-02-28,14.99
332358,0.118,216.547,8.182,2036-07-15,13.6
332358,0.181,222.271,12.302,2035-02-03,14.39
332358,0.226,109.012,20.596,2038-12-06,13.04
332358,0.228,99.152,13.136,2037-10-12,14.29
332358,0.201,221.38,12.408,2038-01-28,11.62
332358,0.327,204.2,6.905,2031-05-03,9.65
332358,0.115,139.115,6.084,2038-08-06,12.05
332358,0.112,202.633,13.268,2036-10-31,11.53
332358,0.221,194.911,6.883,2035-09-09,15.0
332358,0.251,183.121,5.767,2039-07-14,10.82
332358,0.132,148.545,9.719,2035-02-27,14.97
332358,0.117,190.097,10.14,2033-03-31,11.49
332358,0.102,155.58,14.52,2035-02-05,14.01
332358,0.244,154.039,9.977,2037-03-04,13.47
332358,0.346,185.362,5.003,2038-07-05,11.4
332358,0.218,125.808,10.484,2038-07-07,13.65
332358,0.241,125.951,10.1,2038-06-15,13.67
332358,0.175,189.529,16.079,2035-11-10,10.42
332358,0.079,205.47,12.269,2034-02-08,11.04
332358,0.301,205.152,20.197,2039-08-03,13.96
332358,0.132,125.951,10.394,2038-06-15,13.71
332358,0.182,175.413,13.045,2038-05-24,13.18
332358,0.134,204.225,13.581,2039-08-31,13.31
332358,0.23,165.429,19.82,2037-12-27,10.37
332358,0.172,109.578,11.987,2038-06-07,13.7
332358,0.216,145.08,14.14,2035-09-27,11.92
332358,0.152,169.383,14.19,2036-03-03,12.23
332358,0.242,164.314,17.266,2031-08-13,14.93
332358,0.191,203.354,10.87,2035-03-11,13.19
332358,0.277,199.723,13.176,2035-04-26,10.45
332358,0.231,215.845,16.179,2034-01-05,12.21
332358,0.08,185.735,20.34,2033-03-19,15.0
332358,0.223,214.07,11.96,2037-04-25,11.7
332358,0.158,138.921,22.654,2034-04-29,14.08
332358,0.089,178.215,20.861,2033-08-18,14.72
332358,0.205,169.687,10.57,2039-08-21,12.03
332358,0.143,178.066,10.31,2037-02-28,12.0
332358,0.082,194.745,7.189,2038-01-02,11.99
332358,0.221,153.212,13.856,2038-05-14,14.62
332358,0.171,206.646,10.502,2037-02-22,13.48
332358,0.307,224.138,19.941,2032-02-09,14.99
332358,0.207,196.108,8.166,2036-06-09,14.23
332358,0.22,122.374,10.806,2035-06-21,14.88
332358,0.217,187.787,9.545,2034-07-22,14.61
332358,0.266,163.289,20.359,2033-04-14,14.99
332358,0.218,221.444,16.073,2034-01-31,14.33
332358,0.102,133.725,8.985,2038-02-25,11.59
332358,0.191,222.468,19.563,2031-09-16,12.87
332358,0.188,153.13,12.141,2031-08-09,13.61
332358,0.248,207.198,14.507,2038-05-30,14.59
332358,0.229,193.74,19.264,2038-02-13,10.3
332358,0.095,222.364,11.827,2031-10-06,13.71
332358,0.123,107.684,14.371,2031-12-03,13.86
332358,0.15,145.628,12.416,2035-07-09,13.96
332358,0.225,140.767,22.933,2035-07-15,12.7
332358,0.205,124.334,20.31,2034-02-10,13.73
332358,0.23,190.739,14.737,2038-02-11,14.88
332358,0.102,205.992,9.752,2037-03-26,11.93
332358,0.146,47.652,8.733,2036-04-20,13.6
332358,0.098,99.182,9.041,2031-07-28,12.51
332358,0.218,219.527,8.36,2034-07-08,14.82
332358,0.188,90.138,11.573,2034-09-08,10.78
332358,0.209,117.388,18.773,2036-04-22,12.85
332358,0.184,168.078,4.918,2034-10-26,14.92
332358,0.22,194.751,20.383,2035-03-15,11.63
332358,0.25,164.828,16.687,2034-01-11,14.37
332358,0.079,192.244,11.922,2039-07-16,13.33
332358,0.165,142.0,15.791,2038-01-26,14.29
332358,0.066,63.454,10.733,2037-08-09,13.33
332358,0.249,207.339,4.822,2036-06-11,13.46
332358,0.186,184.227,11.55,2034-01-29,11.39
332358,0.159,176.606,10.011,2034-07-30,13.78
332358,0.197,153.2,9.977,2037-12-23,12.67
332358,0.129,204.01,15.947,2032-11-11,13.22
332358,0.136,133.748,10.869,2038-03-01,11.38
332358,0.161,194.855,8.338,2035-11-06,13.8
332358,0.266,137.493,9.939,2036-05-26,13.7
332358,0.168,153.087,17.706,2033-08-14,14.49
332358,0.155,99.207,22.209,2032-07-18,14.41
332358,0.142,183.267,16.419,2039-11-17,13.56
332358,0.169,99.54,9.334,2035-11-26,14.19
332358,0.135,221.426,24.03,2038-01-26,14.41
332358,0.107,106.041,9.26,2034-01-11,14.39
332358,0.154,211.232,10.892,2036-03-15,14.22
332358,0.103,217.84,11.498,2035-02-15,14.04
332358,0.116,147.038,9.346,2032-04-01,11.53
332358,0.142,197.786,12.011,2038-08-06,14.26
332358,0.272,154.705,10.733,2037-04-01,13.68
332358,0.13,206.656,7.172,2036-03-01,13.95
332358,0.086,190.529,14.725,2032-07-04,10.1
332358,0.177,98.563,9.548,2031-12-27,12.75
332358,0.07,196.666,9.073,2031-03-04,12.76
332358,0.203,134.577,9.655,2033-11-06,14.64
332358,0.264,188.388,14.401,2033-07-03,14.88
332358,0.208,217.533,12.548,2038-09-09,10.27
332358,0.212,164.621,7.127,2034-04-01,14.59
332358,0.186,216.616,15.983,2036-07-21,11.87
332358,0.292,155.559,16.474,2038-09-11,14.9
332358,0.134,181.65,16.161,2035-02-21,13.27
332358,0.201,216.993,12.174,2037-12-07,13.24
332358,0.26,194.039,6.07,2037-07-26,13.08
332358,0.205,222.875,14.061,2039-09-26,14.13
332358,0.156,194.971,14.19,2033-11-22,14.51
332358,0.17,161.164,17.473,2032-04-23,14.21
332358,0.226,188.87,10.193,2035-10-31,13.3
332358,0.122,175.473,12.632,2039-06-18,13.29
332358,0.24,154.703,18.957,2037-05-21,11.02
332358,0.141,92.5,17.248,2032-01-02,14.49
332358,0.106,168.945,20.476,2037-10-20,10.53
332358,0.133,190.891,16.791,2035-03-21,13.21
332358,0.169,202.638,7.94,2036-10-05,13.15
332358,0.278,217.005,15.348,2031-10-06,14.45
332358,0.203,182.701,12.489,2039-10-16,11.59
332358,0.201,196.011,20.746,2037-09-30,9.2
332358,0.244,170.292,16.418,2034-12-21,13.47
332358,0.253,200.537,15.67,2039-11-03,14.89
332358,0.234,191.296,11.127,2031-05-11,8.92
332358,0.177,210.935,15.16,2037-06-22,14.97
332358,0.153,218.573,17.091,2039-02-16,14.53
332358,0.135,190.917,8.823,2038-02-05,13.39
332358,0.31,188.409,10.48,2039-08-21,12.49
332358,0.132,190.632,9.115,2032-06-26,11.67
332358,0.209,216.673,6.245,2035-12-08,13.97
332358,0.271,210.879,10.534,2037-06-30,14.63
332358,0.122,140.239,10.983,2035-07-31,14.75
332358,0.262,224.517,7.563,2035-09-01,14.24
332358,0.135,195.456,22.15,2035-07-03,12.92
332358,0.189,202.404,15.518,2034-04-05,14.02
332358,0.074,209.794,6.916,2036-07-19,14.09
332358,0.076,221.314,6.566,2036-03-15,13.85
332358,0.262,178.412,8.822,2033-12-02,14.59
332358,0.184,201.704,12.498,2032-10-18,12.72
332358,0.175,153.655,11.162,2039-10-10,12.3
332358,0.195,163.011,11.071,2035-05-22,13.68
332358,0.214,190.278,14.81,2034-12-09,14.98
332358,0.179,137.473,14.313,2034-02-24,11.91
332358,0.208,170.808,22.556,2035-12-02,13.24
332358,0.241,210.858,5.364,2036-08-06,13.74
332358,0.183,193.985,17.472,2032-12-19,12.96
332358,0.271,195.925,19.264,2035-02-09,13.31
332358,0.194,194.759,12.335,2039-09-10,12.99
332358,0.256,108.95,17.287,2034-11-19,13.46
332358,0.24,151.069,15.628,2031-11-17,14.41
332358,0.208,177.373,16.614,2037-11-25,10.49
332358,0.225,154.691,13.912,2039-07-10,13.49
332358,0.211,119.749,12.448,2034-07-02,14.07
332358,0.339,218.541,7.632,2038-03-03,13.22
332358,0.113,109.423,7.312,2035-02-21,14.98
332358,0.126,107.436,9.26,2034-03-24,14.2
332358,0.195,170.006,19.169,2035-04-04,13.15
332358,0.145,179.416,7.081,2034-08-31,14.87
332358,0.131,175.87,8.874,2035-02-07,14.99
332358,0.153,221.687,20.585,2033-01-08,13.9
332358,0.132,178.248,13.37,2039-07-28,13.29
332358,0.314,178.574,13.197,2037-07-30,13.25
332358,0.119,183.03,10.478,2039-08-19,12.02
332358,0.176,190.568,12.736,2035-12-18,14.71
332358,0.253,164.814,10.216,2031-09-30,12.67
332358,0.19,173.255,13.817,2034-02-10,14.96
332358,0.314,204.192,11.665,2035-02-11,13.99
332358,0.223,153.215,4.819,2038-02-11,11.79
332358,0.162,206.996,10.456,2039-06-04,12.21
332358,0.178,148.916,10.192,2035-06-01,14.28
332358,0.193,203.179,11.162,2037-12-05,14.14
332358,0.113,186.362,15.222,2039-04-09,14.86
332358,0.245,177.275,5.952,2036-11-16,13.03
332358,0.221,44.562,8.047,2037-10-04,12.45
332358,0.266,202.674,9.712,2036-09-05,12.48
332358,0.218,142.469,22.933,2036-10-17,11.44
332358,0.177,209.939,24.301,2034-07-14,13.89
332358,0.113,203.135,15.889,2032-02-17,14.08
332358,0.148,178.349,21.189,2039-08-01,13.94
332358,0.121,124.111,13.139,2039-07-26,13.36
332358,0.146,202.931,8.316,2033-07-31,14.94
332358,0.171,195.983,6.838,2035-05-24,14.88
332358,0.216,141.163,6.478,2038-12-06,11.8
332358,0.079,177.966,13.323,2038-02-05,14.47
332358,0.205,118.729,22.213,2035-11-02,12.78
332358,0.073,193.988,10.03,2037-04-03,14.15
332358,0.121,191.188,12.088,2038-01-28,14.08
332358,0.224,158.569,9.77,2032-11-21,11.58
332358,0.235,169.492,22.381,2037-03-26,11.19
332358,0.141,152.656,15.062,2032-10-04,13.45
332358,0.16,139.688,10.269,2035-06-17,13.7
332358,0.211,99.091,8.906,2032-09-12,11.29
332358,0.181,165.967,16.879,2038-03-25,14.94
332358,0.292,181.884,12.387,2035-02-27,14.72
332358,0.316,130.541,17.873,2039-06-12,14.15
332358,0.06,109.155,9.076,2031-09-14,12.64
332358,0.093,124.284,11.686,2037-05-01,14.47
332358,0.109,100.594,11.786,2034-01-31,14.34
332358,0.141,177.842,12.623,2037-08-27,13.79
332358,0.314,174.891,19.01,2035-02-07,12.86
332358,0.182,147.044,11.914,2034-12-31,14.9
332358,0.26,213.778,15.951,2039-04-19,14.08
332358,0.186,169.275,9.42,2034-03-20,14.98
332358,0.181,224.838,10.229,2034-03-22,14.94
332358,0.194,102.508,14.697,2038-01-26,14.36
332358,0.158,216.305,8.176,2036-08-18,13.5
332358,0.036,130.139,9.884,2031-09-14,13.08
332358,0.144,197.693,14.803,2039-11-25,13.14
332358,0.15,155.369,13.354,2039-11-07,12.47
332358,0.113,216.851,13.357,2034-11-27,14.98
332358,0.202,89.855,14.502,2034-12-13,14.66
332358,0.16,140.722,14.878,2039-06-08,14.17
332358,0.178,165.358,22.283,2036-06-21,11.95
332358,0.049,166.738,7.965,2035-06-11,14.44
332358,0.165,181.729,10.148,2039-05-09,12.99
332358,0.167,189.929,22.549,2034-11-25,13.32
332358,0.143,202.778,17.254,2037-11-17,14.99
332358,0.189,115.235,8.465,2038-06-07,11.66
332358,0.209,165.485,13.836,2035-01-02,14.85
332358,0.19,119.867,17.441,2031-12-31,14.56
332358,0.119,189.576,6.893,2035-10-17,13.98
332358,0.274,191.564,14.08,2039-02-08,13.76
332358,0.103,183.659,10.723,2038-09-21,13.44
332358,0.244,108.865,14.204,2038-10-05,9.58
332358,0.08,118.041,10.055,2034-09-14,13.33
332358,0.223,141.642,8.281,2038-01-04,12.03
332358,0.258,194.587,13.073,2038-01-26,14.61
332358,0.112,217.022,9.808,2036-08-02,13.07
332358,0.088,221.926,14.737,2033-08-12,13.33
332358,0.259,216.313,16.794,2033-08-04,12.66
332358,0.155,155.384,8.58,2039-11-05,11.57
332358,0.108,220.756,12.349,2038-05-18,14.36
332358,0.133,170.201,18.998,2037-03-04,10.79
332358,0.176,189.363,15.323,2039-09-12,13.91
332358,0.176,189.898,24.182,2035-12-06,12.49
332358,0.33,206.949,17.767,2035-02-09,14.05
332358,0.045,183.074,10.62,2036-11-02,14.21
332358,0.079,134.317,8.935,2031-12-11,12.04
332358,0.249,130.345,12.56,2038-01-06,12.83
332358,0.198,200.285,9.812,2034-04-25,14.84
332358,0.22,209.366,21.695,2033-12-30,14.3
332358,0.086,143.459,6.895,2038-07-15,12.17
332358,0.148,200.132,20.905,2037-05-01,9.62
332358,0.039,221.708,15.182,2039-08-19,14.71
332358,0.199,189.273,7.552,2034-09-20,14.96
332358,0.301,165.026,4.991,2035-06-05,14.48
332358,0.217,221.742,9.807,2034-04-03,14.91
332358,0.225,149.975,17.271,2039-07-08,13.81
332358,0.15,119.672,14.504,2036-10-13,12.37
332358,0.26,206.804,7.484,2037-04-13,14.1
332358,0.177,152.707,8.464,2036-11-02,13.28
332358,0.124,180.369,8.353,2035-05-02,14.81
332358,0.144,158.412,11.187,2037-07-08,13.45
332358,0.211,190.517,24.303,2033-07-05,14.98
332358,0.163,164.891,7.622,2038-04-28,13.06
332358,0.198,202.796,10.814,2034-11-15,14.29
332358,0.185,123.532,13.892,2032-11-27,12.95
332358,0.156,110.705,10.758,2030-12-26,13.32
332358,0.156,203.15,4.989,2035-12-10,14.3
332358,0.15,175.696,17.362,2035-01-18,13.29
332358,0.128,127.655,9.867,2037-03-04,12.49
332358,0.042,164.276,5.294,2036-06-05,13.45
332358,0.237,159.86,8.374,2036-05-28,14.2
332358,0.243,174.349,9.674,2031-09-04,13.06
332358,0.159,222.271,22.623,2035-02-03,12.04
332358,0.222,189.523,17.415,2036-02-04,11.59
332358,0.175,180.141,10.135,2033-01-24,14.92
332358,0.101,194.476,12.68,2032-10-20,12.69
332358,0.163,203.955,12.991,2034-03-02,11.63
332358,0.172,148.21,19.989,2035-04-22,11.47
332358,0.049,99.59,14.044,2033-11-16,12.0
332358,0.24,186.343,8.395,2034-12-13,14.7
332358,0.311,49.609,14.603,2037-03-02,11.73
332358,0.239,191.499,7.522,2036-06-27,14.98
332358,0.159,190.862,6.102,2031-05-03,9.96
332358,0.216,206.198,14.722,2033-04-08,14.79
332358,0.042,187.467,10.967,2037-08-29,14.66
332358,0.278,206.25,12.329,2034-03-26,14.13
332358,0.148,153.791,15.983,2035-02-09,13.32
332358,0.231,130.541,13.797,2039-06-12,13.75
332358,0.204,139.34,15.374,2038-02-23,14.78
332358,0.056,196.546,11.17,2036-10-01,14.45
332358,0.2,155.804,10.03,2038-08-08,12.81
332358,0.233,182.47,14.885,2039-06-28,14.41
332358,0.213,165.639,8.662,2038-02-01,12.05
332358,0.238,190.862,24.016,2031-05-03,7.98
332358,0.184,170.497,5.856,2039-07-22,10.94
332358,0.244,156.65,16.211,2038-03-29,14.88
332358,0.266,207.779,14.367,2034-12-25,13.4
332358,0.272,169.265,20.733,2036-10-25,11.41
332358,0.271,217.098,11.602,2036-04-24,12.72
332358,0.237,109.325,7.297,2036-04-30,13.58
332358,0.251,107.272,13.264,2038-12-02,13.82
332358,0.287,177.619,22.379,2037-08-09,10.84
332358,0.222,129.56,7.998,2031-07-28,10.58
332358,0.254,177.759,19.413,2037-12-25,14.87
332358,0.119,171.832,12.013,2036-03-19,14.99
332358,0.205,194.387,8.666,2037-05-09,12.69
332358,0.188,223.989,5.356,2036-07-13,13.41
332358,0.287,139.855,16.066,2035-03-21,13.16
332358,0.133,106.327,10.258,2033-02-03,11.22
332358,0.207,210.391,10.257,2039-08-13,12.14
332358,0.147,181.233,5.828,2039-07-16,10.94
332358,0.269,209.675,16.003,2031-12-01,14.76
332358,0.269,203.503,8.952,2033-07-13,14.82
332358,0.159,223.816,9.535,2032-02-09,12.62
332358,0.112,103.026,11.757,2033-11-08,14.15
332358,0.147,166.386,14.186,2033-03-07,14.98
332358,0.126,216.64,8.733,2036-07-13,13.37
332358,0.299,224.359,17.972,2037-06-24,11.21
332358,0.081,204.243,6.802,2036-02-10,14.56
332358,0.13,194.62,8.689,2035-03-25,15.0
332358,0.13,182.84,10.492,2034-11-09,13.53
332358,0.184,181.607,13.638,2039-08-21,13.49
332358,0.202,171.958,15.089,2035-04-26,12.75
332358,0.19,223.375,14.721,2037-05-01,12.26
332358,0.097,131.349,17.917,2038-11-04,15.0
332358,0.15,177.659,20.29,2039-07-12,13.98
332358,0.203,164.804,22.327,2034-05-17,13.71
332358,0.195,189.761,8.724,2035-11-14,14.23
332358,0.1,137.473,8.953,2034-02-24,14.66
332358,0.147,99.629,11.209,2033-11-14,13.81
332358,0.137,110.45,10.922,2031-12-17,11.34
332358,0.153,155.369,8.21,2039-11-07,9.97
332358,0.123,124.559,20.39,2036-03-15,10.63
332358,0.091,177.85,12.578,2031-11-29,13.46
332358,0.115,122.528,9.533,2035-05-10,13.81
332358,0.179,131.696,8.985,2035-02-01,14.66
332358,0.167,202.646,9.596,2035-11-10,14.04
332358,0.094,130.303,9.026,2031-09-10,12.39
332358,0.034,109.355,7.01,2039-02-24,11.62
332358,0.12,195.327,7.401,2036-09-27,14.65
332358,0.103,174.208,24.033,2033-03-21,14.91
332358,0.269,145.485,21.579,2034-05-23,14.22
332358,0.124,153.126,8.204,2035-11-24,14.19
332358,0.269,189.554,5.501,2035-06-05,14.24
332358,0.072,183.254,7.035,2039-08-23,11.44
332358,0.177,130.114,24.3,2039-10-16,12.65
332358,0.195,193.272,12.004,2036-07-17,14.86
332358,0.275,90.432,11.249,2034-04-25,14.15
332358,0.103,164.719,10.041,2036-08-20,14.76
332358,0.208,194.807,13.768,2039-05-29,13.29
332358,0.144,205.16,17.008,2038-11-04,14.59
332358,0.255,138.335,10.268,2037-03-28,13.25
332358,0.29,176.167,9.667,2033-02-19,14.01
332358,0.165,154.826,5.992,2036-12-06,13.4
332358,0.217,173.251,9.88,2036-07-25,12.6
332358,0.106,191.618,13.498,2038-09-21,14.82
332358,0.216,138.205,6.777,2036-07-21,14.09
332358,0.123,154.796,19.166,2039-05-13,9.06
332358,0.235,182.382,6.084,2037-06-14,13.19
332358,0.158,131.414,14.039,2038-05-28,13.82
332358,0.162,196.288,18.651,2038-06-03,14.3
332358,0.159,175.663,20.436,2033-07-21,14.83
332358,0.304,161.17,14.509,2032-01-20,13.53
332358,0.113,109.431,20.891,2037-09-30,9.2
332358,0.056,187.759,5.349,2035-05-04,14.56
332358,0.114,153.812,6.267,2036-06-03,13.44
332358,0.214,136.852,20.694,2032-03-20,14.54
332358,0.203,168.049,10.192,2039-10-06,9.93
332358,0.181,215.353,15.019,2039-10-06,14.15
332358,0.077,180.385,7.061,2038-05-26,12.7
332358,0.208,102.774,19.242,2037-12-03,10.3
332358,0.251,217.886,21.324,2035-01-24,13.52
332358,0.17,190.85,5.175,2037-04-15,12.61
332358,0.175,99.535,6.064,2032-08-31,9.04
332358,0.086,185.759,10.148,2038-06-11,13.9
332358,0.128,164.612,11.39,2035-01-14,14.71
332358,0.299,188.617,9.814,2031-08-29,13.07
332358,0.162,216.469,20.905,2035-10-21,11.15
332358,0.044,180.563,11.927,2039-05-13,12.03
332358,0.124,221.786,11.015,2035-11-12,12.48
332358,0.192,200.278,21.826,2033-06-03,14.84
332358,0.203,119.733,13.7,2032-06-06,11.98
332358,0.056,129.927,11.716,2031-09-28,13.64
332358,0.185,209.725,12.291,2037-05-23,14.64
332358,0.082,150.531,12.364,2032-02-27,13.21
332358,0.243,99.522,21.986,2036-03-27,12.35
332358,0.258,222.009,16.35,2035-05-02,13.48
332358,0.221,211.844,20.961,2033-05-04,13.64
332358,0.13,222.649,10.603,2037-07-30,13.82
332358,0.182,164.39,9.702,2036-05-08,12.81
332358,0.263,168.486,22.389,2032-01-10,14.93
332358,0.252,211.882,19.622,2033-04-10,14.91
332358,0.16,189.912,8.402,2036-05-22,13.67
332358,0.198,203.374,11.39,2035-01-30,14.66
332358,0.255,212.831,20.218,2038-07-05,14.96
332358,0.158,157.267,12.008,2038-07-27,14.3
332358,0.156,176.089,10.352,2037-01-31,12.08
332358,0.308,189.153,14.294,2037-06-24,14.81
332358,0.142,211.025,13.649,2034-04-15,14.78
332358,0.092,218.376,13.15,2039-03-10,13.69
332358,0.086,218.596,14.73,2038-04-02,14.76
332358,0.134,190.478,15.151,2038-01-16,14.83
332358,0.166,144.379,15.272,2034-01-05,14.29
332358,0.332,129.999,10.832,2036-07-31,14.84
332358,0.139,177.621,10.14,2032-01-08,12.72
332358,0.163,137.411,21.579,2036-07-09,12.09
332358,0.079,177.05,16.897,2032-08-21,13.7
332358,0.078,220.344,14.778,2039-05-03,14.76
332358,0.174,196.462,7.809,2039-10-08,11.72
332358,0.187,189.165,15.189,2033-10-19,14.67
332358,0.193,175.637,14.249,2035-02-27,13.24
332358,0.3,216.551,14.584,2031-12-03,14.07
332358,0.175,182.08,12.947,2036-10-07,14.69
332358,0.229,195.601,7.731,2031-01-01,11.41
332358,0.087,169.728,7.251,2037-03-28,13.12
332358,0.263,211.66,13.515,2033-05-12,14.99
332358,0.198,196.992,7.115,2035-09-11,14.21
332358,0.153,122.744,11.733,2035-04-28,10.15
332358,0.347,220.391,11.025,2037-03-18,11.86
332358,0.253,202.527,10.263,2035-02-15,14.58
332358,0.097,220.749,9.311,2038-04-30,13.8
332358,0.225,119.959,9.376,2031-04-09,11.24
332358,0.262,205.866,17.008,2038-09-09,14.75
332358,0.198,192.877,13.958,2033-11-14,14.55
332358,0.224,138.244,8.474,2036-03-31,14.72
332358,0.248,145.688,18.81,2034-03-02,14.07
332358,0.188,101.52,13.893,2036-11-30,12.11
332358,0.186,176.048,13.329,2039-08-29,13.23
332358,0.325,221.362,7.13,2035-01-28,14.55
332358,0.209,155.234,18.891,2037-04-03,11.17
332358,0.318,160.834,15.193,2032-03-30,13.98
332358,0.188,215.646,15.117,2038-08-22,14.96
332358,0.152,122.791,21.245,2035-04-14,13.3
332358,0.202,141.779,16.836,2036-04-16,12.09
332358,0.081,188.6,7.435,2039-08-03,11.61
332358,0.085,183.853,18.891,2036-07-21,11.87
332358,0.173,186.319,14.931,2033-04-12,13.05
332358,0.081,221.676,19.989,2037-01-09,9.75
332358,0.135,125.481,17.611,2039-04-23,14.78
332358,0.087,164.439,17.096,2035-02-09,12.58
332358,0.074,178.595,6.171,2033-01-26,8.7
332358,0.204,153.316,13.606,2039-05-01,13.86
332358,0.179,131.188,10.257,2032-01-18,12.85
332358,0.21,176.167,10.268,2033-02-19,13.76
332358,0.133,109.263,13.187,2036-12-30,14.75
332358,0.215,217.363,22.695,2038-01-12,10.39
332358,0.131,190.775,22.66,2034-06-18,13.96
332358,0.14,119.378,7.377,2038-11-10,11.04
332358,0.199,102.847,10.045,2039-08-29,11.73
332358,0.134,149.72,11.715,2033-09-25,14.45
332358,0.182,190.317,14.992,2038-06-15,14.39
332358,0.201,164.839,10.238,2031-07-22,12.73
332358,0.212,190.903,22.66,2034-05-15,14.05
332358,0.168,210.825,9.943,2038-09-09,13.59
332358,0.138,101.184,9.832,2031-12-11,11.9
332358,0.256,217.477,9.197,2035-06-11,14.46
332358,0.151,122.279,15.103,2032-11-27,10.34
332358,0.072,178.201,11.007,2038-09-27,13.46
332358,0.108,174.973,11.989,2037-03-10,14.08
332358,0.153,187.42,8.659,2034-06-20,14.73
332358,0.19,170.763,6.188,2038-06-15,11.89
332358,0.145,208.844,7.623,2036-07-09,14.99
332358,0.235,131.86,10.229,2037-04-25,11.85
332358,0.249,130.096,9.963,2038-10-07,12.64
332358,0.248,121.511,16.614,2036-01-07,12.38
332358,0.234,134.471,4.78,2037-04-29,12.69
332358,0.351,146.945,11.663,2033-12-20,14.32
332358,0.256,207.453,10.477,2037-02-02,12.01
332358,0.142,172.19,9.509,2034-07-04,14.66
332358,0.259,141.844,14.064,2035-06-29,12.44
332358,0.167,165.988,5.921,2039-08-29,10.78
332358,0.226,211.876,20.971,2032-04-15,14.66
332358,0.138,140.31,11.498,2035-06-29,13.67
332358,0.099,177.131,24.871,2033-09-19,14.48
332358,0.237,95.191,22.541,2038-03-05,8.95
332358,0.111,165.771,15.498,2038-04-20,14.67
332358,0.227,203.806,21.571,2035-12-18,12.31
332358,0.097,217.814,8.633,2035-01-02,14.96
332358,0.18,132.721,8.649,2031-11-07,15.0
332358,0.101,134.153,6.171,2031-09-28,10.03
332358,0.131,205.437,6.132,2039-05-13,11.11
332358,0.158,169.509,6.854,2035-04-12,14.48
332358,0.275,216.468,8.131,2036-11-24,12.96
332358,0.123,195.814,4.786,2035-12-22,14.05
332358,0.149,172.233,20.39,2033-12-20,12.87
332358,0.116,181.867,13.289,2038-07-07,14.05
332358,0.205,109.673,19.174,2037-02-04,10.85
332358,0.27,99.484,14.834,2039-07-14,13.28
332358,0.106,189.321,10.191,2032-07-14,11.84
332358,0.118,123.904,22.283,2037-04-09,11.15
332358,0.19,99.326,14.698,2038-10-27,10.24
332358,0.1,177.776,4.793,2039-07-18,10.47
332358,0.105,213.103,19.2,2035-04-10,13.12
332358,0.18,222.033,10.733,2036-12-22,13.96
332358,0.317,195.271,14.736,2033-10-03,12.65
332358,0.167,155.234,7.488,2037-04-03,12.65
332358,0.177,202.371,16.991,2032-09-14,14.98
332358,0.214,159.807,10.573,2035-05-12,13.79
332358,0.25,223.145,20.138,2037-08-27,10.68
332358,0.209,204.988,12.232,2038-10-03,13.37
332358,0.184,153.791,16.022,2035-02-09,13.35
332358,0.114,191.494,4.823,2038-05-16,11.53
332358,0.305,140.154,15.435,2035-09-29,10.47
332358,0.156,200.507,7.603,2035-02-07,14.79
332358,0.225,145.628,22.706,2035-07-09,11.62
332358,0.259,174.105,6.838,2037-03-18,12.44
332358,0.277,152.656,15.015,2032-10-04,13.45
332358,0.217,215.646,14.963,2038-08-22,14.95
332358,0.165,175.454,22.182,2035-05-10,13.07
332358,0.212,220.91,15.309,2039-04-13,13.92
332358,0.12,119.884,11.698,2032-05-27,11.43
332358,0.159,165.242,12.829,2035-12-12,13.7
332358,0.274,218.588,8.373,2035-02-27,14.12
332358,0.179,221.039,22.382,2032-02-17,14.99
332358,0.2,221.742,17.486,2034-02-08,14.32
332358,0.197,140.885,8.897,2035-09-11,12.73
332358,0.125,214.417,13.384,2038-06-27,14.8
332358,0.149,224.345,10.784,2035-07-21,13.61
332358,0.158,180.496,13.028,2039-05-17,13.5
332358,0.208,82.929,6.856,2034-12-17,13.91
332358,0.138,189.171,11.986,2035-03-03,14.74
332358,0.245,149.975,17.265,2039-07-08,13.8
332358,0.164,169.51,13.394,2034-02-24,14.2
332358,0.245,36.059,14.835,2038-05-04,14.87
332358,0.216,101.203,13.697,2038-04-24,10.09
332358,0.173,196.858,9.905,2035-07-15,14.73
332358,0.209,130.091,6.243,2038-11-24,10.79
332358,0.224,152.476,11.743,2034-09-24,10.74
332358,0.242,199.252,6.394,2038-07-05,12.21
332358,0.18,202.626,13.688,2034-08-27,13.64
332358,0.204,219.796,11.743,2032-02-19,13.34
332358,0.18,177.254,9.244,2037-12-17,11.93
332358,0.295,118.457,10.74,2038-11-28,11.32
332358,0.189,145.628,8.232,2035-07-15,14.76
332358,0.196,210.614,17.179,2033-11-14,12.64
332358,0.212,144.378,6.046,2036-07-07,13.88
332358,0.167,114.134,8.931,2031-09-28,12.25
332358,0.132,190.919,10.05,2038-02-17,13.25
332358,0.183,177.342,13.929,2032-08-03,13.24
332358,0.179,216.569,20.39,2037-08-31,9.17
332358,0.305,190.04,8.999,2034-06-06,14.78
332358,0.22,208.552,11.825,2038-05-14,12.82
332358,0.232,190.714,9.957,2035-12-22,14.13
332358,0.267,196.658,15.789,2039-12-15,14.43
332358,0.126,222.867,22.117,2035-08-16,12.8
332358,0.221,153.448,8.44,2035-01-02,14.99
332358,0.146,218.993,13.582,2035-01-30,13.28
332358,0.246,189.063,19.226,2036-06-27,14.93
332358,0.298,203.542,9.63,2033-06-29,14.93
332358,0.18,216.151,13.951,2035-10-17,12.53
332358,0.154,153.215,8.976,2036-09-07,13.22
332358,0.225,221.672,21.999,2033-08-16,14.65
332358,0.147,88.604,5.827,2035-06-05,14.92
332358,0.259,130.135,4.822,2035-10-15,14.12
332358,0.16,149.682,7.723,2036-02-22,13.36
332358,0.152,149.587,10.482,2033-12-04,14.45
332358,0.201,206.543,15.87,2038-05-12,14.7
332358,0.19,191.083,5.222,2039-02-24,10.76
332358,0.192,49.669,8.283,2036-04-28,13.89
332358,0.115,180.569,12.68,2031-12-21,13.52
332358,0.089,169.613,22.731,2034-04-29,14.1
332358,0.131,216.97,13.275,2038-11-22,14.16
332358,0.077,211.881,6.94,2037-08-05,13.05
332358,0.227,109.771,17.265,2039-06-04,13.89
332358,0.086,177.107,8.25,2034-10-02,14.9
332358,0.258,207.723,4.773,2035-07-13,14.48
332358,0.165,135.42,17.584,2038-10-17,14.7
332358,0.34,205.838,10.493,2038-04-14,12.02
332358,0.214,197.065,4.885,2035-10-15,14.12
332358,0.105,214.825,6.07,2037-04-29,13.32
332358,0.251,170.678,10.534,2038-06-23,13.65
332358,0.186,195.522,16.519,2035-06-25,13.33
332358,0.139,152.708,9.142,2031-07-28,10.94
332358,0.121,117.306,20.767,2035-04-20,11.65
332358,0.324,193.995,9.498,2034-03-16,14.96
332358,0.245,203.296,18.844,2033-12-28,14.44
332358,0.166,113.482,10.131,2038-01-18,12.62
332358,0.183,216.153,10.916,2039-09-10,12.59
332358,0.154,176.189,14.681,2039-09-18,13.94
332358,0.2,171.93,11.68,2036-08-04,14.73
332358,0.178,216.658,11.623,2032-01-30,13.39
332358,0.212,105.976,11.914,2034-12-15,14.95
332358,0.121,207.28,24.409,2035-01-22,13.2
332358,0.178,223.342,14.681,2038-09-21,14.93
332358,0.223,217.968,14.305,2038-11-12,14.95
332358,0.189,211.366,15.284,2038-06-03,14.44
332358,0.148,209.493,9.23,2032-03-28,11.61
332358,0.163,210.21,9.057,2038-09-25,12.41
332358,0.192,154.747,13.229,2039-05-19,13.03
332358,0.042,149.415,12.658,2033-11-26,11.57
332358,0.16,148.717,18.142,2034-04-03,14.18
332358,0.077,109.547,5.039,2039-02-10,10.84
332358,0.257,211.455,17.682,2034-03-18,13.9
332358,0.277,117.067,22.623,2036-05-10,10.77
332358,0.336,129.425,8.49,2031-08-01,11.04
332358,0.172,117.348,6.073,2035-01-14,14.12
332358,0.176,215.088,15.828,2032-11-01,13.38
332358,0.08,201.949,21.111,2032-07-02,14.45
332358,0.249,141.167,12.44,2033-09-07,11.79
332358,0.298,154.721,16.474,2039-12-11,13.65
332358,0.206,206.646,12.178,2037-02-22,13.88
332358,0.147,224.336,22.794,2035-06-11,12.96
332358,0.089,109.437,13.987,2033-08-20,12.24
332358,0.146,119.598,11.644,2033-07-25,11.8
332358,0.147,194.587,11.765,2038-01-26,13.22
332358,0.272,211.649,12.979,2039-12-21,12.04
332358,0.17,117.563,14.988,2039-06-30,14.13
332358,0.224,103.289,4.818,2038-04-18,11.61
332358,0.19,190.568,22.892,2035-12-18,12.24
332358,0.228,109.673,21.228,2037-02-04,14.83
332358,0.183,211.16,10.652,2035-02-03,13.19
332358,0.248,112.056,11.62,2032-04-21,11.07
332358,0.095,193.992,23.992,2038-03-23,14.17
332358,0.148,102.535,15.175,2032-07-02,13.71
332358,0.28,214.552,16.536,2033-12-02,14.41
332358,0.109,217.305,18.222,2035-07-15,12.92
332358,0.154,178.668,23.174,2034-05-15,14.02
332358,0.228,125.297,9.829,2031-10-30,12.16
332358,0.218,142.418,23.284,2033-03-07,14.73
332358,0.182,165.576,8.861,2034-06-04,14.08
332358,0.2,186.059,13.339,2031-05-23,14.19
332358,0.108,133.118,14.014,2039-09-24,12.75
332358,0.132,145.679,24.091,2035-06-17,12.96
332358,0.305,192.578,15.272,2034-11-25,13.14
332358,0.136,113.552,9.131,2035-03-23,14.67
332358,0.165,206.453,11.944,2037-04-19,13.84
332358,0.075,149.574,9.924,2037-04-29,14.98
332358,0.185,179.046,11.865,2036-08-22,14.98
332358,0.103,195.925,21.576,2034-06-14,13.87
332358,0.235,223.413,10.176,2033-03-17,14.8
332358,0.302,201.415,6.394,2037-06-26,13.23
332358,0.237,141.134,10.553,2035-09-17,12.62
332358,0.299,195.134,10.378,2031-08-07,12.85
332358,0.254,124.335,11.167,2034-03-28,14.9
332358,0.094,77.463,10.199,2034-03-06,10.2
332358,0.173,215.399,14.13,2032-09-24,12.9
332358,0.29,218.674,15.827,2034-07-02,14.35
332358,0.288,190.273,14.571,2032-06-18,13.98
332358,0.179,140.598,11.733,2032-02-09,13.36
332358,0.125,121.238,20.232,2036-02-04,12.25
332358,0.186,190.967,8.755,2039-03-06,12.21
332358,0.246,203.049,11.599,2032-03-12,13.11
332358,0.298,224.924,6.452,2032-01-14,9.13
332358,0.172,212.598,13.988,2032-01-06,14.02
332358,0.134,130.47,9.029,2033-06-25,14.94
332358,0.252,114.416,11.601,2033-09-11,13.93
332358,0.257,196.67,22.345,2032-04-17,14.78
332358,0.163,166.985,18.957,2034-05-21,14.03
332358,0.126,202.618,24.961,2033-10-27,14.26
332358,0.145,102.315,14.617,2035-01-22,14.1
332358,0.092,179.769,12.623,2036-07-23,14.88
332358,0.12,189.93,10.931,2035-12-04,14.75
332358,0.14,190.025,6.573,2036-08-18,14.02
332358,0.206,217.612,24.42,2035-09-07,12.6
332358,0.25,216.196,21.908,2034-10-12,13.84
332358,0.082,211.354,14.905,2039-12-21,14.37
332358,0.236,210.438,6.663,2037-09-20,12.94
332358,0.044,138.099,13.987,2031-09-20,14.15
332358,0.065,203.671,15.706,2032-02-29,13.95
332358,0.152,164.452,14.106,2035-10-15,12.64
332358,0.072,209.857,10.95,2039-07-16,12.79
332358,0.085,195.368,13.391,2037-12-27,14.93
332358,0.326,118.665,5.162,2035-08-02,14.32
332358,0.171,216.092,15.405,2037-08-19,14.42
332358,0.276,109.315,18.927,2035-02-17,14.03
332358,0.164,170.917,18.798,2032-01-04,14.62
332358,0.115,207.77,21.017,2034-01-13,14.26
332358,0.211,186.801,10.05,2036-07-13,14.85
332358,0.14,222.558,10.206,2031-01-25,13.25
332358,0.224,217.151,19.755,2031-12-03,14.81
332358,0.146,210.763,6.773,2035-09-05,14.89
332358,0.138,213.473,4.818,2039-03-06,10.72
332358,0.235,170.611,9.513,2033-08-04,10.14
332358,0.238,204.123,20.905,2037-07-18,9.4
332358,0.171,215.06,12.513,2031-09-30,13.8
332358,0.218,168.805,16.625,2038-01-22,10.18
332358,0.108,217.444,10.517,2031-07-10,13.34
332358,0.187,202.506,13.761,2035-10-03,11.93
332358,0.203,211.658,19.857,2038-05-06,14.99
332358,0.239,216.962,13.813,2038-08-16,14.22
332358,0.147,213.038,7.489,2035-11-10,14.05
332358,0.147,140.216,5.981,2038-10-15,11.79
332358,0.285,203.575,17.434,2031-06-24,14.46
332358,0.273,211.039,7.57,2037-04-09,12.07
332358,0.219,178.074,4.773,2039-01-21,10.94
332358,0.227,109.459,17.301,2039-05-07,14.94
332358,0.223,106.954,9.269,2037-03-26,13.0
332358,0.149,153.561,7.866,2035-05-12,14.97
332358,0.016,197.446,11.307,2039-06-18,13.0
332358,0.188,99.475,20.31,2037-09-26,10.1
332358,0.359,177.991,9.99,2038-01-22,11.08
332358,0.209,189.605,24.222,2034-04-29,13.82
332358,0.082,177.38,9.927,2031-06-28,12.48
332358,0.19,194.118,16.506,2035-03-05,13.25
332358,0.144,224.687,21.488,2035-09-03,12.9
332358,0.25,200.537,10.419,2037-03-10,11.97
332358,0.229,205.057,12.209,2039-07-20,11.68
332358,0.152,197.059,10.648,2038-02-19,12.33
332358,0.108,85.854,15.606,2035-02-05,10.94
332358,0.272,114.969,9.607,2034-01-29,14.33
332358,0.114,188.167,14.075,2032-12-01,14.77
332358,0.198,172.678,22.417,2034-02-18,14.28
332358,0.056,99.11,9.825,2032-12-27,11.78
332358,0.335,193.714,6.463,2036-07-19,14.09
332358,0.212,99.567,13.512,2037-10-28,13.96
332358,0.077,149.31,6.893,2035-06-11,14.56
332358,0.172,196.999,15.402,2037-12-13,14.49
332358,0.281,216.249,14.272,2039-11-27,13.91
332358,0.036,191.446,10.476,2038-02-27,14.18
332358,0.145,196.739,19.154,2039-12-17,13.61
332358,0.279,216.268,16.131,2031-03-14,13.79
332358,0.201,209.62,7.037,2034-12-21,14.32
332358,0.296,177.637,9.333,2034-07-02,13.91
332358,0.247,177.812,13.781,2039-06-20,13.39
332358,0.266,165.3,11.004,2039-07-02,12.64
332358,0.227,180.156,9.891,2036-09-09,13.95
332358,0.091,190.138,9.519,2033-08-16,14.8
332358,0.161,217.14,7.527,2039-01-03,12.38
332358,0.103,222.783,20.31,2035-11-12,11.98
332358,0.101,179.138,9.078,2032-02-23,11.84
332358,0.209,102.882,12.114,2038-08-30,13.48
332358,0.217,223.972,7.149,2036-07-17,14.18
332358,0.207,217.167,10.861,2034-07-08,13.8
332358,0.245,217.217,22.284,2034-12-03,13.61
332358,0.162,193.712,10.263,2038-03-19,11.48
332358,0.269,196.32,6.543,2035-03-31,14.96
332358,0.119,191.171,10.03,2038-01-30,13.33
332358,0.172,164.483,10.486,2032-08-15,12.24
332358,0.223,203.916,21.567,2037-01-21,11.51
332358,0.228,215.992,13.321,2037-09-22,14.41
332358,0.156,178.595,9.866,2033-01-26,11.66
332358,0.289,192.118,12.011,2039-09-10,13.17
332358,0.083,205.528,12.337,2033-03-25,11.99
332358,0.082,189.486,12.045,2035-11-08,14.15
332358,0.193,140.379,10.285,2035-09-21,12.63
332358,0.105,221.397,7.064,2036-05-12,14.0
332358,0.219,219.613,24.599,2034-05-03,13.96
332358,0.202,97.245,7.201,2036-05-16,13.53
332358,0.045,216.478,15.616,2031-09-08,14.38
332358,0.244,178.012,16.081,2033-06-19,13.19
332358,0.086,118.774,7.965,2036-05-12,13.61
332358,0.129,222.008,11.315,2038-07-31,13.74
332358,0.163,181.884,22.803,2035-02-27,13.04
332358,0.14,189.724,16.755,2035-10-19,12.61
332358,0.054,164.244,7.454,2037-02-24,13.66
332358,0.224,188.399,4.773,2035-05-12,14.65
332358,0.236,128.311,14.251,2038-08-04,14.74
332358,0.167,190.426,8.028,2035-01-16,14.6
332358,0.213,222.529,9.635,2034-12-09,14.88
332358,0.078,179.558,10.14,2030-12-30,13.74
332358,0.142,150.587,14.091,2037-04-01,11.07
332358,0.055,187.966,9.113,2034-03-18,10.18
332358,0.221,159.743,10.153,2037-06-30,13.87
332358,0.115,174.641,16.233,2035-02-11,13.33
332358,0.189,153.666,9.608,2037-07-08,13.81
332358,0.122,213.717,4.777,2038-04-20,11.69
332358,0.116,190.138,9.502,2033-08-16,14.8
332358,0.319,222.439,7.377,2036-01-09,13.88
332358,0.142,194.603,9.57,2034-12-23,14.85
332358,0.158,202.771,20.756,2034-06-10,12.51
332358,0.202,111.087,11.303,2037-12-07,14.93
332358,0.059,202.634,13.015,2035-10-01,13.68
332358,0.16,190.525,5.416,2035-01-12,14.87
332358,0.223,220.766,6.266,2035-04-24,14.44
332358,0.123,210.053,17.143,2032-12-31,14.05
332358,0.089,180.125,15.492,2039-06-18,13.89
332358,0.028,216.975,12.017,2039-11-21,12.99
332358,0.161,88.76,15.912,2034-01-27,12.14
332358,0.165,150.02,10.073,2033-11-08,14.5
332358,0.094,222.963,11.034,2036-07-09,14.41
332358,0.126,113.449,11.335,2037-04-09,14.18
332358,0.17,137.861,17.181,2033-01-08,14.9
332358,0.28,151.303,7.488,2037-05-23,12.51
332358,0.203,189.264,16.111,2033-01-10,14.88
332358,0.204,140.918,9.983,2034-09-18,13.71
332358,0.206,148.701,18.87,2036-06-13,11.97
332358,0.076,222.971,9.733,2036-08-04,13.98
332358,0.259,223.139,18.265,2036-07-31,14.98
332358,0.156,114.166,12.648,2035-01-04,10.47
332358,0.092,204.167,8.969,2031-04-29,12.7
332358,0.136,172.328,14.304,2031-05-21,14.67
332358,0.159,117.67,24.254,2033-05-22,14.99
332358,0.176,188.417,9.394,2035-07-23,14.98
332358,0.088,159.623,12.088,2039-05-27,12.75
332358,0.059,175.568,4.818,2038-02-11,11.79
332358,0.147,188.252,22.485,2034-12-21,13.45
332358,0.26,164.296,10.011,2034-03-08,14.18
332358,0.256,178.377,9.513,2034-05-13,9.37
332358,0.193,173.105,14.07,2035-04-10,13.15
332358,0.201,136.796,9.15,2033-07-15,14.89
332358,0.186,109.12,8.946,2032-07-10,11.46
332358,0.188,207.368,12.291,2039-06-08,12.59
332358,0.271,162.865,10.178,2036-06-07,14.06
332358,0.299,118.516,4.776,2038-07-13,11.45
332358,0.139,89.805,22.462,2033-04-06,14.96
332358,0.202,200.035,19.93,2033-03-17,13.56
332358,0.312,202.18,4.794,2039-05-07,10.59
332358,0.135,122.287,11.643,2038-07-31,12.67
332358,0.173,210.666,14.217,2031-09-08,14.83
332358,0.125,213.933,6.165,2037-04-19,13.11
332358,0.18,181.901,15.435,2032-10-26,13.39
332358,0.274,193.98,19.859,2034-05-21,13.46
332358,0.156,171.245,6.248,2034-09-10,7.12
332358,0.166,150.903,23.49,2037-08-07,10.78
332358,0.152,102.54,17.173,2032-12-13,14.98
332358,0.225,198.07,9.286,2037-08-09,14.52
332358,0.101,153.483,6.132,2035-03-21,14.62
332358,0.196,178.656,21.303,2034-06-18,13.84
332358,0.178,204.656,21.693,2039-07-02,14.84
332358,0.217,199.38,23.785,2034-05-25,13.96
332358,0.274,204.449,20.197,2039-02-10,14.44
332358,0.252,194.559,4.823,2038-01-24,11.84
332358,0.246,130.135,4.773,2035-10-15,14.22
332358,0.327,200.055,10.186,2034-05-19,13.7
332358,0.241,167.783,17.169,2032-02-15,14.39
332358,0.267,201.38,13.164,2035-03-27,10.38
332358,0.083,109.299,11.073,2035-11-16,13.29
332358,0.174,118.628,24.935,2034-03-14,14.21
332358,0.115,181.813,13.61,2038-08-18,14.53
332358,0.19,154.816,10.101,2036-07-03,14.85
332358,0.209,170.808,21.235,2035-12-02,11.79
332358,0.169,145.406,15.088,2033-12-22,14.35
332358,0.084,119.913,8.293,2037-12-29,12.72
332358,0.133,99.646,20.61,2037-12-01,14.1
332358,0.161,141.203,6.77,2036-03-29,13.37
332358,0.273,222.051,11.114,2037-08-13,14.44
332358,0.192,213.137,13.516,2035-11-06,14.17
332358,0.172,162.345,20.232,2033-07-21,14.64
332358,0.12,89.193,11.587,2032-02-01,13.27
332358,0.119,130.056,12.048,2033-02-13,12.35
332358,0.189,122.746,12.585,2035-05-02,13.22
332358,0.162,217.609,14.458,2038-10-15,14.13
332358,0.117,217.134,14.038,2031-03-16,14.83
332358,0.284,119.9,22.063,2032-02-09,14.98
332358,0.159,200.94,14.193,2034-01-03,14.99
332358,0.174,98.114,8.056,2036-12-08,13.0
332358,0.177,181.002,12.456,2034-01-09,11.45
332358,0.112,201.744,17.078,2032-10-02,13.74
332358,0.262,210.198,14.447,2037-08-25,14.64
332358,0.089,119.674,10.956,2036-12-16,13.29
332358,0.058,209.434,5.264,2035-03-09,14.97
332358,0.18,217.995,4.775,2036-02-10,13.9
332358,0.08,221.203,8.329,2036-02-04,14.08
332358,0.221,134.506,22.578,2034-04-05,13.96
332358,0.157,216.34,17.286,2032-11-13,14.08
332358,0.305,117.728,7.4,2039-07-28,11.81
332358,0.117,187.023,7.488,2035-04-06,14.64
332358,0.265,223.19,11.743,2033-03-27,12.24
332358,0.287,152.437,17.007,2038-06-11,10.33
332358,0.145,206.745,4.823,2037-03-30,12.66
332358,0.219,210.567,11.159,2031-09-02,11.16
332358,0.094,161.188,9.14,2032-09-18,11.27
332358,0.191,140.038,13.441,2038-10-21,14.27
332358,0.151,163.775,4.773,2036-06-11,13.57
332358,0.157,189.666,15.828,2033-09-09,14.56
332358,0.185,170.566,10.169,2039-06-14,12.85
332358,0.132,216.765,8.401,2035-12-02,14.25
332358,0.236,177.939,13.781,2039-08-21,13.22
332358,0.107,217.652,12.489,2037-01-03,14.38
332358,0.174,217.501,7.441,2037-05-27,12.67
332358,0.168,173.684,15.629,2034-05-09,11.7
332358,0.131,216.013,13.197,2036-05-22,14.44
332358,0.288,189.534,15.39,2033-09-07,12.53
332358,0.204,191.393,11.068,2038-03-23,13.85
332358,0.077,116.98,6.196,2035-06-21,14.52
332358,0.211,152.019,13.291,2038-05-30,13.95
332358,0.217,90.215,13.438,2034-12-03,14.95
332358,0.091,189.165,11.881,2031-01-03,14.1
332358,0.125,211.949,5.236,2035-07-01,14.36
332358,0.215,143.762,22.334,2035-02-21,13.08
332358,0.128,219.332,10.186,2035-04-28,15.0
332358,0.149,217.474,20.559,2032-04-25,14.6
332358,0.11,182.143,5.976,2039-06-10,11.13
332358,0.081,164.472,16.111,2035-08-10,10.6
332358,0.212,188.132,4.773,2036-05-24,13.61
332358,0.147,196.028,11.183,2036-06-25,14.9
332358,0.194,101.52,11.706,2036-11-30,14.68
332358,0.259,222.427,14.217,2031-08-21,14.88
332358,0.196,216.832,13.265,2034-03-14,14.96
332358,0.161,218.942,16.073,2034-02-20,14.27
332358,0.125,169.044,7.327,2037-02-16,12.78
332358,0.181,141.045,15.21,2034-04-19,14.01
332358,0.189,178.214,13.366,2037-03-02,13.65
332358,0.298,100.19,10.178,2036-05-20,14.11
332358,0.09,153.644,14.832,2039-05-19,14.22
332358,0.189,144.261,14.605,2035-02-27,13.27
332358,0.233,219.458,15.928,2034-01-25,12.01
332358,0.189,122.93,24.958,2034-05-19,14.04
332358,0.161,140.035,8.823,2038-09-23,12.76
332358,0.141,158.722,8.934,2031-08-21,10.88
332358,0.164,176.427,16.091,2036-01-15,12.37
332358,0.314,190.558,14.017,2039-05-31,14.36
332358,0.187,188.915,10.907,2034-04-15,14.88
332358,0.059,158.476,18.912,2034-04-15,14.14
332358,0.209,190.413,22.065,2035-12-16,12.64
332358,0.226,115.463,13.169,2038-02-15,11.44
332358,0.183,168.95,12.94,2035-05-04,13.82
332358,0.176,172.373,9.169,2033-11-30,10.5
332358,0.171,151.936,12.791,2032-01-26,13.41
332358,0.201,201.029,7.94,2035-12-08,13.98
332358,0.183,204.725,10.849,2032-05-01,12.59
332358,0.237,153.869,9.539,2035-03-31,13.92
332358,0.221,222.698,21.045,2034-05-17,13.93
332358,0.148,208.41,15.332,2039-01-17,13.81
332358,0.165,138.696,7.065,2035-03-13,14.9
332358,0.203,164.471,12.829,2036-10-03,12.89
332358,0.178,208.553,9.558,2036-03-25,12.93
332358,0.348,213.087,17.182,2034-06-28,14.28
332358,0.187,185.599,10.543,2036-02-20,14.76
332358,0.095,196.487,10.278,2037-10-06,13.87
332358,0.205,217.036,8.754,2035-11-22,14.94
332358,0.184,217.651,23.3,2034-12-29,13.36
332358,0.103,218.993,16.111,2035-02-01,11.12
332358,0.154,144.834,13.008,2036-12-04,12.22
332358,0.116,205.158,15.473,2031-02-16,11.28
332358,0.264,129.896,23.374,2033-06-11,15.0
332358,0.144,164.681,24.977,2033-04-06,14.89
332358,0.18,218.804,8.1,2035-03-01,13.26
332358,0.06,201.106,9.418,2039-07-10,12.62
332358,0.187,217.351,12.446,2036-06-29,14.4
332358,0.066,110.623,17.267,2038-05-16,14.97
332358,0.184,96.266,8.894,2039-08-11,11.89
332358,0.104,180.503,20.414,2036-02-18,10.7
332358,0.072,165.166,10.153,2032-12-05,11.81
332358,0.197,208.649,8.837,2034-05-01,14.9
332358,0.3,221.613,9.243,2034-04-01,14.95
332358,0.235,224.274,10.133,2038-11-16,12.72
332358,0.149,151.942,9.985,2037-08-15,12.99
332358,0.047,95.194,15.69,2034-01-27,12.02
332358,0.229,181.944,20.585,2033-02-23,13.78
332358,0.097,213.117,10.938,2035-11-08,14.73
332358,0.327,224.887,9.919,2036-08-26,12.51
332358,0.103,179.558,11.743,2030-12-30,14.48
332358,0.151,183.072,14.271,2034-11-05,14.02
332358,0.157,191.276,7.546,2037-02-10,14.33
332358,0.035,221.996,10.901,2038-02-07,14.09
332358,0.246,169.946,7.886,2036-06-03,14.96
332358,0.206,145.692,9.433,2036-02-26,14.14
332358,0.186,109.515,18.777,2032-06-26,14.04
332358,0.256,223.875,14.401,2034-06-14,13.93
332358,0.26,200.642,8.871,2036-05-16,14.27
332358,0.054,202.938,15.646,2032-09-24,13.5
332358,0.099,214.294,12.098,2039-06-16,13.38
332358,0.274,215.844,19.948,2034-01-23,14.28
332358,0.258,107.05,13.295,2034-03-16,11.35
332358,0.169,95.787,24.022,2035-06-17,12.96
332358,0.261,217.459,13.789,2037-10-30,15.0
332358,0.133,177.67,7.433,2036-05-28,14.95
332358,0.148,105.938,10.342,2036-06-03,14.81
332358,0.132,192.464,10.106,2036-05-04,14.32
332358,0.222,190.891,16.589,2035-03-21,13.19
332358,0.045,180.952,10.394,2037-05-23,14.77
332358,0.302,178.717,21.743,2036-05-14,12.2
332358,0.21,51.542,16.245,2037-09-08,10.73
332358,0.211,128.466,20.891,2032-12-09,14.01
332358,0.128,129.244,6.787,2038-03-23,12.49
332358,0.295,184.261,12.815,2037-07-26,11.4
332358,0.214,202.71,11.447,2031-02-14,12.14
332358,0.229,204.418,14.986,2039-06-22,14.42
332358,0.221,197.031,6.394,2039-09-26,10.98
332358,0.188,202.527,19.361,2035-02-15,13.25
332358,0.327,209.165,16.245,2033-09-03,14.75
332358,0.322,194.507,20.727,2034-04-07,12.49
332358,0.173,190.236,7.495,2036-10-19,14.62
332358,0.205,171.812,16.743,2035-01-10,13.35
332358,0.134,221.606,16.073,2037-01-03,11.4
332358,0.197,177.951,22.15,2039-03-02,9.25
332358,0.222,135.511,24.474,2035-01-06,12.22
332358,0.117,213.137,10.331,2035-11-06,13.32
332358,0.122,221.19,20.486,2036-12-26,9.91
332358,0.126,192.308,9.913,2038-07-17,13.79
332358,0.165,203.354,9.167,2035-03-11,8.8
332358,0.116,176.629,6.084,2034-10-20,14.44
332358,0.221,201.92,18.622,2034-05-09,14.81
332358,0.218,186.318,13.045,2034-04-03,14.91
332358,0.056,191.218,18.933,2036-04-12,12.14
332358,0.179,217.334,14.307,2032-06-12,13.99
332358,0.208,125.951,13.37,2038-06-15,14.41
332358,0.186,221.96,20.585,2033-12-14,12.97
332358,0.25,209.37,10.286,2033-04-24,14.98
332358,0.205,211.228,10.517,2033-02-25,11.71
332358,0.12,214.008,9.773,2036-05-26,12.76
332358,0.188,159.103,9.172,2031-05-19,11.13
332358,0.123,217.014,8.464,2035-11-26,14.21
332358,0.105,164.055,6.8,2037-04-23,13.34
332358,0.275,209.38,23.347,2033-09-11,14.87
332358,0.161,133.677,11.209,2033-02-21,14.54
332358,0.172,203.43,10.43,2036-12-24,13.67
332358,0.181,200.034,6.773,2036-06-29,14.03
332358,0.161,141.651,10.378,2038-03-11,13.93
332358,0.249,176.747,14.986,2031-11-27,14.93
332358,0.039,148.995,5.264,2039-02-18,11.02
332358,0.17,81.157,16.663,2032-09-30,13.67
332358,0.051,179.817,6.171,2031-08-25,10.13
332358,0.189,216.618,20.516,2035-11-16,12.55
332358,0.114,183.121,12.254,2039-07-14,11.63
332358,0.294,172.577,10.869,2038-06-01,12.99
332358,0.254,140.727,15.078,2033-11-28,12.3
332358,0.119,189.985,10.704,2038-07-27,13.56
332358,0.195,135.867,8.771,2035-01-12,14.94
332358,0.228,201.202,14.073,2035-12-02,12.5
332358,0.146,188.202,10.446,2034-12-17,14.92
332358,0.184,106.419,9.647,2035-09-13,14.47
332358,0.266,210.288,15.123,2031-11-29,14.89
332358,0.172,196.504,13.847,2039-10-06,13.39
332358,0.241,169.824,5.143,2039-03-24,11.05
332358,0.3,204.589,18.282,2033-02-19,14.99
332358,0.135,154.775,14.524,2039-10-08,13.01
332358,0.208,222.004,9.335,2034-10-26,14.98
332358,0.147,174.881,22.396,2033-07-09,14.48
332358,0.185,211.658,19.264,2038-05-06,10.07
332358,0.085,215.253,4.818,2037-04-19,12.6
332358,0.106,153.698,6.787,2036-06-01,14.3
332358,0.255,219.31,5.389,2035-02-25,14.05
332358,0.27,99.067,13.359,2036-04-30,12.6
332358,0.163,141.711,11.917,2037-03-28,13.96
332358,0.2,148.372,14.08,2035-07-03,12.67
332358,0.207,221.488,19.553,2034-03-20,14.98
332358,0.087,196.626,19.197,2032-02-29,14.58
332358,0.281,216.336,19.728,2032-10-20,13.92
332358,0.145,211.124,9.243,2032-02-07,12.41
332358,0.187,171.624,16.761,2035-01-16,13.38
332358,0.202,177.706,9.977,2036-07-19,14.1
332358,0.28,119.974,9.712,2034-11-19,14.27
332358,0.242,102.852,20.764,2034-12-03,13.18
332358,0.222,179.138,14.803,2032-02-23,14.03
332358,0.217,159.595,17.122,2031-12-23,14.53
332358,0.179,195.352,15.296,2032-12-25,13.23
332358,0.149,201.369,7.143,2035-07-07,14.41
332358,0.088,121.316,10.358,2031-11-07,12.68
332358,0.256,196.904,9.316,2035-07-13,14.7
332358,0.351,119.7,13.815,2031-03-24,11.15
332358,0.142,99.303,10.922,2031-11-29,11.39
332358,0.114,178.074,13.325,2039-01-21,13.64
332358,0.225,114.591,21.41,2034-07-20,14.03
332358,0.162,216.461,16.565,2031-09-10,14.72
332358,0.08,223.426,13.889,2031-09-20,14.13
332358,0.223,203.45,19.49,2038-10-25,14.66
332358,0.22,183.559,8.916,2036-06-23,14.99
332358,0.176,141.844,10.745,2035-06-29,13.33
332358,0.138,153.599,7.417,2035-03-23,14.6
332358,0.175,117.412,8.823,2039-05-07,12.14
332358,0.144,152.54,17.118,2033-08-30,12.79
332358,0.081,186.839,9.392,2037-04-19,14.88
332358,0.154,203.55,11.887,2038-12-28,12.39
332358,0.197,164.308,15.037,2035-10-05,12.31
332358,0.165,143.856,12.258,2037-04-29,14.01
332358,0.131,118.27,11.712,2038-10-15,13.0
332358,0.155,164.756,9.938,2034-08-31,13.71
332358,0.2,89.16,8.366,2035-01-04,14.21
332358,0.315,196.751,11.574,2034-01-31,14.04
332358,0.189,169.993,9.763,2036-07-13,12.63
332358,0.299,197.042,14.669,2039-10-24,14.93
332358,0.186,214.417,13.781,2038-06-27,14.37
332358,0.208,152.979,6.347,2034-11-05,14.3
332358,0.167,185.009,11.691,2032-12-19,14.65
332358,0.252,209.334,17.008,2039-09-20,13.72
332358,0.095,122.56,11.979,2038-08-02,13.0
332358,0.218,193.918,11.371,2031-01-13,12.78
332358,0.251,138.202,14.982,2031-11-09,14.35
332358,0.237,216.398,16.536,2034-10-02,13.57
332358,0.099,175.226,13.253,2039-06-24,13.41
332358,0.099,169.028,10.904,2035-03-05,14.57
332358,0.239,211.594,13.896,2035-03-25,13.84
332358,0.217,206.766,10.068,2037-05-25,14.16
332358,0.232,217.362,13.211,2033-12-30,14.55
332358,0.236,158.868,22.065,2034-02-28,14.43
332358,0.127,159.426,12.968,2039-03-02,13.59
332358,0.092,202.617,24.007,2038-02-09,14.36
332358,0.071,209.51,16.111,2038-06-19,14.94
332358,0.237,203.275,14.456,2033-08-16,13.93
332358,0.073,141.953,5.113,2039-12-17,9.95
332358,0.093,203.483,10.731,2038-01-24,11.67
332358,0.167,215.253,22.283,2037-04-19,11.12
332358,0.259,217.031,12.114,2039-12-03,11.46
332358,0.162,195.564,9.812,2034-06-10,14.71
332358,0.102,214.753,4.827,2037-05-15,12.53
332358,0.198,150.689,20.521,2033-04-22,14.99
332358,0.3,165.676,14.721,2032-11-13,14.08
332358,0.216,107.072,12.829,2036-09-27,14.46
332358,0.249,179.389,14.423,2031-11-15,14.6
332358,0.214,64.584,13.214,2038-04-26,14.13
332358,0.248,203.434,17.022,2039-10-24,14.7
332358,0.113,122.078,5.125,2038-05-20,11.52
332358,0.128,218.034,13.805,2039-03-02,13.99
332358,0.038,215.909,15.706,2034-10-22,11.3
332358,0.114,194.011,6.776,2038-03-29,12.39
332358,0.095,203.608,9.808,2036-12-18,12.7
332358,0.246,216.326,16.778,2033-12-28,14.41
332358,0.262,223.974,21.468,2034-05-19,12.43
332358,0.168,148.127,4.818,2037-05-01,12.57
332358,0.151,203.0,19.717,2033-10-19,14.62
332358,0.151,182.453,22.283,2034-05-09,14.07
332358,0.209,110.707,18.81,2033-12-18,14.27
332358,0.144,102.554,8.438,2037-01-01,13.17
332358,0.199,159.38,16.305,2033-05-28,14.6
332358,0.242,49.669,16.072,2036-04-28,12.14
332358,0.06,144.066,6.967,2037-05-07,12.65
332358,0.26,112.304,11.078,2032-03-30,10.73
332358,0.282,128.789,18.84,2038-02-05,10.35
332358,0.104,223.03,14.008,2039-07-18,14.2
332358,0.147,159.28,18.891,2037-03-08,11.24
332358,0.167,109.59,6.965,2038-06-09,11.57
332358,0.118,224.902,15.649,2031-02-26,14.91
332358,0.172,194.966,15.889,2031-11-27,14.31
332358,0.137,197.693,20.197,2039-11-25,13.65
332358,0.131,190.761,19.252,2038-03-09,10.24
332358,0.126,221.445,13.993,2031-08-25,13.98
332358,0.283,133.159,10.191,2031-10-22,11.79
332358,0.221,119.733,15.958,2032-06-06,10.2
332358,0.168,221.823,8.816,2036-01-03,13.9
332358,0.19,194.242,14.961,2038-01-18,14.77
332358,0.076,176.252,12.414,2031-12-19,13.48
332358,0.203,158.618,12.658,2031-11-05,13.63
332358,0.198,138.031,15.678,2034-10-20,11.41
332358,0.205,138.082,21.889,2033-03-03,14.85
332358,0.201,146.413,10.831,2035-02-11,14.58
332358,0.119,118.202,13.47,2035-01-04,14.84
332358,0.109,218.488,5.518,2036-02-24,13.86
332358,0.209,129.024,12.206,2039-10-02,12.98
332358,0.114,221.923,13.805,2035-01-26,14.38
332358,0.148,144.05,10.755,2035-04-20,13.86
332358,0.231,170.313,4.798,2038-05-28,11.55
332358,0.135,99.668,14.81,2032-11-25,13.12
332358,0.188,135.311,10.278,2037-07-28,14.07
332358,0.166,113.656,13.271,2038-01-22,14.32
332358,0.241,109.401,10.841,2039-03-08,11.16
332358,0.233,121.586,10.861,2034-06-24,14.7
332358,0.217,204.239,17.274,2031-12-29,14.54
332358,0.067,188.942,5.128,2039-05-17,10.64
332358,0.213,126.329,16.698,2031-11-27,14.31
332358,0.135,215.767,20.891,2035-09-11,11.25
332358,0.117,175.82,14.015,2039-07-06,13.68
332358,0.203,199.875,8.68,2035-05-02,14.57
332358,0.233,166.13,11.671,2038-11-16,13.09
332358,0.323,113.591,9.613,2035-03-03,9.58
332358,0.135,223.082,9.99,2037-07-04,14.74
332358,0.157,194.513,21.128,2037-05-03,14.66
332358,0.164,113.428,18.957,2038-03-29,10.17
332358,0.181,212.732,10.93,2035-11-14,14.87
332358,0.214,188.132,4.822,2036-05-24,13.51
332358,0.199,109.673,16.421,2037-02-04,11.33
332358,0.296,165.485,15.255,2032-10-14,13.44
332358,0.268,141.967,10.008,2036-04-16,15.0
332358,0.159,155.448,6.197,2037-04-19,13.36
332358,0.294,85.624,7.328,2035-02-11,14.68
332358,0.145,180.818,10.056,2036-01-13,13.65
332358,0.116,204.454,11.347,2031-02-28,12.77
332358,0.186,138.817,16.49,2033-08-12,14.84
332358,0.084,207.586,7.632,2039-06-06,11.96
332358,0.186,207.42,20.544,2034-05-13,14.19
332358,0.19,210.367,16.003,2032-11-27,13.24
332358,0.259,130.666,14.361,2035-06-25,10.15
332358,0.232,203.82,7.054,2039-07-08,11.68
332358,0.145,99.475,22.367,2037-09-26,14.23
332358,0.224,175.855,14.274,2038-03-27,12.56
332358,0.211,199.983,14.697,2035-03-31,13.92
332358,0.166,203.102,14.061,2032-07-20,13.08
332358,0.264,114.273,12.004,2035-03-25,14.67
332358,0.133,165.523,9.97,2037-01-31,13.63
332358,0.23,164.544,11.533,2037-04-03,11.79
332358,0.17,215.055,11.001,2037-09-26,14.44
332358,0.098,177.72,17.426,2039-05-29,14.95
332358,0.307,221.382,12.114,2035-04-28,13.73
332358,0.135,106.58,9.172,2032-11-19,9.63
332358,0.196,207.588,15.836,2032-12-09,14.33
332358,0.282,159.207,10.043,2034-04-09,14.97
332358,0.096,203.179,20.221,2038-11-26,14.62
332358,0.314,189.576,12.368,2035-10-17,12.59
332358,0.07,144.017,14.666,2035-03-17,13.93
332358,0.193,82.876,9.088,2034-06-20,13.96
332358,0.299,140.581,18.45,2035-07-19,12.9
332358,0.203,171.134,9.724,2035-02-17,14.03
332358,0.125,216.695,9.062,2032-02-25,12.18
332358,0.312,209.693,9.669,2034-07-10,14.81
332358,0.213,147.083,18.595,2037-05-25,11.05
332358,0.168,216.0,15.91,2034-10-24,11.4
332358,0.12,150.538,8.29,2036-06-07,14.22
332358,0.19,215.943,13.958,2034-09-16,13.72
332358,0.157,152.47,12.31,2031-08-25,13.64
332358,0.12,84.648,12.603,2030-12-30,14.36
332358,0.224,120.306,15.037,2035-12-10,12.13
332358,0.05,178.647,13.446,2039-12-13,13.65
332358,0.114,218.607,11.979,2038-04-28,14.54
332358,0.12,122.725,10.153,2035-04-30,9.41
332358,0.133,99.55,10.15,2038-10-19,10.82
332358,0.109,220.952,18.222,2034-03-10,14.27
332358,0.166,188.6,8.151,2039-08-03,11.99
332358,0.102,178.705,6.564,2039-05-21,11.26
332358,0.195,101.663,9.095,2031-12-27,11.99
332358,0.088,130.143,18.944,2039-03-14,9.25
332358,0.264,221.807,20.951,2035-12-24,12.53
332358,0.141,189.724,13.008,2035-10-19,13.35
332358,0.373,221.702,7.784,2037-01-05,12.36
332358,0.087,211.518,10.198,2033-03-01,14.4
332358,0.234,130.231,17.341,2034-05-07,14.42
332358,0.118,164.439,7.226,2035-02-09,14.66
332358,0.183,209.84,16.66,2034-08-09,14.2
332358,0.121,223.306,16.619,2038-09-21,14.89
332358,0.21,109.072,19.806,2033-12-30,14.24
332358,0.133,177.12,8.239,2035-12-08,14.52
332358,0.155,169.354,6.854,2035-03-11,14.57
332358,0.125,141.426,10.185,2031-08-03,12.83
332358,0.265,209.396,12.218,2034-07-14,14.47
332358,0.162,134.508,15.949,2038-05-04,7.76
332358,0.181,200.977,14.819,2039-07-20,13.49
332358,0.164,173.7,17.619,2037-02-12,14.44
332358,0.242,183.656,11.691,2033-02-25,14.46
332358,0.199,177.247,8.405,2034-07-18,14.67
332358,0.198,95.536,15.014,2032-02-01,14.13
332358,0.165,215.71,20.905,2034-01-15,12.91
332358,0.111,127.551,15.949,2034-11-23,11.21
332358,0.296,152.428,15.608,2034-10-18,13.49
332358,0.27,203.053,15.267,2033-07-29,14.48
332358,0.142,187.665,10.159,2031-06-24,12.91
332358,0.214,186.911,14.327,2039-10-24,14.21
332358,0.185,176.201,13.888,2036-07-23,14.98
332358,0.202,150.027,22.706,2034-04-05,12.88
332358,0.264,169.67,10.432,2037-04-17,14.21
332358,0.236,189.242,10.486,2032-01-16,12.82
332358,0.215,203.56,7.054,2037-06-28,13.71
332358,0.139,215.866,13.756,2035-10-05,12.73
332358,0.139,172.344,6.573,2038-08-06,12.05
332358,0.28,187.743,12.532,2034-06-28,14.05
332358,0.325,204.282,15.527,2037-07-20,14.42
332358,0.2,180.465,13.073,2039-05-19,13.3
332358,0.191,159.353,18.808,2034-03-12,14.23
332358,0.247,224.108,20.197,2038-07-27,14.98
332358,0.217,140.482,13.735,2039-06-20,13.7
332358,0.069,126.708,9.886,2032-09-20,12.01
332358,0.133,31.883,18.912,2039-09-24,8.69
332358,0.09,150.027,16.245,2034-04-05,14.16
332358,0.17,220.34,14.08,2033-03-19,14.96
332358,0.206,206.804,7.034,2037-04-13,13.91
332358,0.163,193.373,10.225,2037-08-29,12.01
332358,0.188,138.161,10.484,2039-08-21,12.53
332358,0.353,224.542,17.369,2032-01-08,14.39
332358,0.172,154.988,13.247,2039-05-25,12.99
332358,0.229,201.333,21.86,2039-08-19,14.92
332358,0.206,119.488,11.631,2034-06-26,13.14
332358,0.341,85.701,14.133,2034-01-27,14.09
332358,0.084,158.647,10.844,2034-03-24,14.94
332358,0.266,202.221,11.649,2034-07-06,13.6
332358,0.244,203.909,13.554,2035-01-10,14.6
332358,0.158,211.388,9.974,2031-12-21,12.72
332358,0.21,178.186,7.139,2035-07-15,14.45
332358,0.153,209.463,14.075,2035-03-01,12.52
332358,0.158,191.293,8.164,2037-02-06,13.72
332358,0.188,204.883,11.919,2031-03-18,12.67
332358,0.11,190.831,13.248,2038-02-07,14.28
332358,0.078,119.52,9.898,2032-05-13,11.79
332358,0.19,88.783,8.549,2038-04-06,11.81
332358,0.149,179.046,7.253,2036-08-22,13.0
332358,0.186,222.886,8.795,2036-06-21,13.82
332358,0.119,117.364,7.127,2035-01-16,13.79
332358,0.273,103.106,15.167,2038-08-16,14.98
332358,0.13,216.488,16.881,2031-08-17,14.77
332358,0.131,189.976,10.374,2034-06-14,14.71
332358,0.175,203.17,22.604,2034-04-29,13.88
332358,0.098,195.481,20.626,2032-10-28,14.13
332358,0.194,164.975,14.067,2038-04-24,13.22
332358,0.13,194.724,20.966,2035-04-22,12.38
332358,0.303,201.268,17.274,2035-11-08,10.68
332358,0.137,170.537,9.712,2036-01-07,13.14
332358,0.246,205.636,4.821,2038-04-18,11.61
332358,0.228,102.125,8.511,2037-04-25,13.55
332358,0.137,177.255,23.079,2032-10-26,14.31
332358,0.195,171.992,17.362,2035-03-27,13.11
332358,0.145,132.684,21.38,2036-03-13,11.48
332358,0.178,118.27,8.396,2038-10-15,11.95
332358,0.134,196.421,14.829,2038-11-22,14.05
332358,0.215,119.444,7.154,2033-11-22,14.95
332358,0.137,113.91,10.864,2031-08-21,14.57
332358,0.193,44.563,7.649,2039-10-04,10.12
332358,0.245,193.816,11.647,2036-07-09,14.72
332358,0.303,150.232,17.513,2034-04-25,14.02
332358,0.143,189.264,16.178,2033-01-10,13.2
332358,0.142,181.409,13.366,2036-03-27,14.59
332358,0.193,157.175,13.83,2038-04-06,14.72
332358,0.146,215.948,15.182,2039-11-25,14.44
332358,0.246,176.665,9.234,2032-08-03,11.4
332358,0.082,106.437,8.832,2038-12-16,11.89
332358,0.241,189.321,12.56,2032-07-14,12.99
332358,0.079,122.259,15.923,2038-08-28,14.09
332358,0.309,216.037,14.677,2033-08-30,14.41
332358,0.2,119.516,21.45,2032-08-05,14.41
332358,0.115,221.622,16.027,2039-12-17,14.45
332358,0.175,137.171,22.578,2033-05-02,14.89
332358,0.138,193.931,10.065,2035-02-09,14.96
332358,0.139,168.069,13.533,2039-12-21,13.0
332358,0.305,153.513,9.269,2038-03-19,12.02
332358,0.218,210.69,10.014,2031-10-02,12.98
332358,0.27,217.337,17.033,2035-03-27,12.45
332358,0.319,190.549,15.245,2039-11-21,13.98
332358,0.169,188.323,16.648,2038-07-15,14.89
332358,0.143,174.495,16.669,2036-03-01,12.22
332358,0.073,178.431,6.573,2039-07-30,11.07
332358,0.199,219.191,10.96,2037-11-05,14.49
332358,0.093,121.371,5.125,2039-04-21,10.6
332358,0.24,177.15,14.184,2035-01-06,13.85
332358,0.182,131.314,6.877,2035-09-11,14.62
332358,0.248,117.561,18.651,2038-09-23,9.72
332358,0.177,212.767,9.773,2035-03-31,13.92
332358,0.107,180.662,6.98,2035-05-06,14.4
332358,0.106,203.734,12.442,2031-07-14,14.14
332358,0.064,118.135,9.097,2032-11-23,11.08
332358,0.197,218.01,9.922,2031-06-12,13.11
332358,0.137,183.102,10.366,2036-07-21,14.86
332358,0.301,220.218,17.721,2038-12-30,14.94
332358,0.091,169.638,10.649,2035-03-13,14.7
332358,0.192,216.73,6.305,2038-06-19,12.12
332358,0.259,220.432,10.883,2037-04-27,14.81
332358,0.219,224.761,10.318,2037-09-08,12.95
332358,0.209,194.121,6.165,2038-01-12,12.37
332358,0.244,217.411,10.647,2035-04-22,14.42
332358,0.095,193.681,11.103,2035-02-15,14.6
332358,0.176,214.887,12.478,2031-05-25,14.08
332358,0.096,177.064,4.818,2038-12-06,10.97
332358,0.141,208.687,7.034,2036-05-08,14.84
332358,0.107,114.059,10.283,2034-09-14,10.03
332358,0.17,216.896,5.111,2037-11-25,11.98
332358,0.066,192.195,5.058,2035-04-14,14.62
332358,0.214,142.431,15.08,2033-09-23,12.48
332358,0.15,207.805,8.869,2035-12-02,13.27
332358,0.178,223.441,16.156,2032-01-06,14.2
332358,0.211,169.43,12.94,2037-04-25,11.85
332358,0.091,190.627,9.972,2031-05-27,13.43
332358,0.1,153.343,6.084,2036-06-29,14.15
332358,0.146,133.191,12.585,2031-08-03,13.3
332358,0.066,196.343,8.684,2036-07-17,14.3
332358,0.202,117.487,7.763,2035-09-23,14.02
332358,0.204,122.029,17.274,2037-12-13,8.58
332358,0.172,191.617,15.25,2039-10-10,14.57
332358,0.178,173.129,9.666,2034-07-14,14.63
332358,0.18,183.823,9.222,2035-06-23,14.62
332358,0.195,200.2,10.192,2035-03-09,14.51
332358,0.174,187.025,9.983,2038-05-08,13.93
332358,0.196,164.727,7.963,2035-12-06,13.99
332358,0.179,165.056,10.963,2031-07-02,12.69
332358,0.267,189.812,10.48,2037-08-17,14.5
332358,0.231,170.434,8.269,2035-02-05,14.82
332358,0.149,216.072,13.209,2034-09-14,14.46
332358,0.088,194.525,24.3,2037-12-13,14.49
332358,0.159,206.066,12.232,2037-08-29,14.47
332358,0.166,125.578,11.964,2038-06-09,12.97
332358,0.168,214.722,10.942,2038-09-15,13.45
332358,0.091,203.621,16.779,2031-07-16,14.8
332358,0.155,161.888,13.073,2038-03-03,14.51
332358,0.201,216.107,9.249,2035-11-08,14.53
332358,0.24,221.733,9.359,2035-05-16,14.87
332358,0.228,177.201,10.378,2038-11-26,11.39
332358,0.183,170.515,19.116,2034-01-17,14.36
332358,0.154,217.032,13.632,2034-03-08,14.87
332358,0.141,184.954,11.55,2032-01-24,13.41
332358,0.329,203.959,10.375,2032-05-21,14.48
332358,0.153,178.244,11.558,2035-05-14,14.41
332358,0.228,200.044,8.926,2034-06-04,14.0
332358,0.167,200.437,4.773,2038-03-29,11.77
332358,0.091,109.703,9.928,2038-08-04,13.7
332358,0.279,224.778,7.213,2034-08-25,14.94
332358,0.115,162.996,10.298,2031-12-03,12.82
332358,0.172,119.81,13.1,2033-07-21,14.9
332358,0.133,217.534,18.821,2033-05-06,14.64
332358,0.211,217.077,10.519,2035-08-30,13.48
332358,0.143,200.367,14.296,2038-02-09,10.9
332358,0.187,119.178,21.529,2036-10-25,11.79
332358,0.315,155.259,16.835,2037-05-15,14.94
332358,0.203,212.873,6.436,2037-06-08,13.23
332358,0.182,210.828,13.513,2034-09-20,14.99
332358,0.194,191.168,11.084,2031-04-07,13.32
332358,0.049,203.973,16.134,2032-07-20,13.66
332358,0.124,202.529,20.756,2034-04-03,12.7
332358,0.197,163.972,19.252,2034-06-22,13.92
332358,0.226,170.123,8.054,2035-01-08,14.89
332358,0.122,154.111,11.163,2036-01-05,14.65
332358,0.17,172.873,11.887,2038-07-25,12.82
332358,0.245,142.469,12.004,2036-10-17,13.11
332358,0.178,108.128,21.787,2032-01-14,14.96
332358,0.266,191.274,22.017,2034-04-07,14.16
332358,0.04,195.292,4.798,2036-08-24,13.3
332358,0.208,153.347,7.81,2038-04-10,13.21
332358,0.277,196.43,14.736,2033-12-10,12.47
332358,0.18,106.577,16.926,2038-07-23,14.29
332358,0.071,152.696,14.954,2034-09-28,14.41
332358,0.204,147.058,11.694,2036-06-09,11.99
332358,0.15,118.327,11.855,2038-10-23,11.96
332358,0.111,109.061,16.518,2037-10-10,10.66
332358,0.17,202.34,7.765,2034-09-22,15.0
332358,0.249,166.049,19.831,2033-08-18,14.79
332358,0.203,207.484,14.305,2039-07-30,14.24
332358,0.253,171.085,9.159,2032-09-04,11.25
332358,0.309,130.247,16.803,2033-11-20,14.98
332358,0.165,159.103,6.093,2031-05-19,10.41
332358,0.124,188.946,7.311,2036-06-25,14.2
332358,0.2,200.184,18.427,2031-06-06,14.8
332358,0.29,175.105,9.545,2031-12-19,12.77
332358,0.198,205.158,21.685,2031-02-16,8.28
332358,0.235,220.691,10.519,2034-03-04,14.97
332358,0.121,196.777,11.692,2035-07-17,14.98
332358,0.191,221.38,11.683,2038-01-28,12.22
332358,0.04,155.451,10.027,2038-06-29,12.16
332358,0.192,216.749,16.152,2031-06-26,14.84
332358,0.21,203.191,9.06,2031-02-24,12.84
332358,0.268,130.011,9.513,2036-11-26,13.34
332358,0.235,213.458,7.115,2035-03-05,14.44
332358,0.223,140.688,19.075,2034-05-11,13.87
332358,0.15,89.504,8.084,2036-07-05,14.02
332358,0.15,150.358,9.608,2038-08-14,12.71
332358,0.149,213.426,15.642,2031-02-04,14.98
332358,0.314,117.441,10.65,2038-03-27,12.22
332358,0.204,199.03,6.316,2031-10-02,10.13
332358,0.188,215.098,12.59,2037-05-07,14.04
332358,0.187,92.019,16.172,2038-03-03,10.26
332358,0.259,222.964,10.784,2036-07-25,12.6
332358,0.198,211.677,17.704,2035-01-18,11.88
332358,0.137,196.99,13.368,2038-11-02,13.68
332358,0.264,213.568,11.541,2032-12-05,12.54
332358,0.236,145.378,13.109,2030-12-24,14.58
332358,0.202,148.916,18.87,2035-06-01,13.01
332358,0.147,137.314,17.393,2037-12-25,9.7
332358,0.189,173.121,14.154,2039-07-20,13.08
332358,0.159,126.564,20.31,2038-08-02,9.25
332358,0.179,154.026,11.804,2032-11-29,12.56
332358,0.107,190.533,12.027,2038-09-05,12.42
332358,0.029,200.193,14.718,2039-09-12,14.65
332358,0.129,194.995,10.278,2036-09-07,14.95
332358,0.175,200.992,6.573,2038-01-24,12.58
332358,0.305,99.661,16.645,2033-12-12,13.98
332358,0.236,213.137,9.87,2035-11-06,13.35
332358,0.041,165.521,10.357,2033-06-21,10.95
332358,0.157,99.336,9.31,2033-10-23,14.58
332358,0.215,164.231,20.746,2036-04-02,10.7
332358,0.18,175.967,13.834,2035-02-21,13.2
332358,0.117,152.997,6.814,2037-08-09,12.09
332358,0.227,170.882,8.235,2037-01-05,13.28
332358,0.147,125.112,12.82,2031-11-03,13.65
332358,0.263,92.303,21.404,2031-12-25,14.98
332358,0.205,203.082,12.456,2033-08-22,11.84
332358,0.192,193.574,20.365,2033-03-29,14.6
332358,0.19,216.52,13.016,2031-11-13,13.67
332358,0.207,211.214,19.2,2036-06-03,11.97
332358,0.16,130.401,9.675,2034-03-28,14.93
332358,0.167,99.434,22.739,2037-02-16,11.1
332358,0.19,114.733,12.947,2031-11-25,13.57
332358,0.083,107.628,15.015,2031-12-05,14.28
332358,0.198,205.16,11.015,2038-11-04,13.28
332358,0.107,190.479,12.608,2034-01-25,11.22
332358,0.264,178.216,22.15,2039-08-03,8.83
332358,0.085,187.42,5.113,2037-04-27,12.6
332358,0.194,216.535,15.283,2039-11-17,14.58
332358,0.249,135.768,17.138,2035-06-01,12.27
332358,0.222,164.726,10.05,2038-01-26,13.31
332358,0.209,169.277,7.167,2036-03-01,13.48
332358,0.24,26.23,10.6,2031-11-03,12.36
332358,0.219,202.514,22.612,2033-09-05,14.43
332358,0.264,105.879,6.361,2036-03-13,13.16
332358,0.196,152.696,15.776,2034-09-28,13.53
332358,0.226,172.775,22.155,2033-06-01,14.59
332358,0.198,210.288,15.828,2031-11-29,14.3
332358,0.244,155.856,13.281,2035-11-06,13.21
332358,0.031,101.374,20.622,2032-05-27,14.55
332358,0.208,185.169,17.415,2034-01-29,13.61
332358,0.21,89.053,18.933,2038-03-21,10.2
332358,0.16,126.162,10.975,2031-06-12,8.84
332358,0.11,164.217,7.924,2037-04-15,12.61
332358,0.218,196.31,11.974,2034-02-10,14.29
332358,0.184,186.034,23.939,2034-02-08,14.13
332358,0.114,217.571,8.591,2036-05-30,13.63
332358,0.123,138.136,10.278,2036-08-24,14.99
332358,0.134,169.646,23.021,2035-04-10,13.15
332358,0.117,148.127,11.982,2037-05-01,13.94
332358,0.241,86.066,20.865,2034-03-10,13.92
332358,0.053,203.606,10.071,2036-01-07,14.66
332358,0.29,130.962,12.083,2034-09-10,12.83
332358,0.222,217.761,9.558,2034-12-31,14.16
332358,0.126,223.718,11.38,2037-05-21,13.54
332358,0.148,191.717,18.939,2033-03-09,14.79
332358,0.195,192.071,13.446,2038-10-21,14.8
332358,0.102,118.042,12.914,2039-07-08,13.35
332358,0.159,200.095,6.573,2038-03-07,12.47
332358,0.1,209.979,17.647,2034-03-24,12.72
332358,0.191,204.011,15.329,2034-01-07,14.91
332358,0.269,96.7,11.233,2033-12-16,14.5
332358,0.204,159.423,6.586,2037-05-25,12.68
332358,0.132,164.308,6.774,2039-05-05,11.27
332358,0.171,136.932,13.802,2039-09-20,13.5
332358,0.114,200.684,10.022,2038-09-27,13.53
332358,0.111,114.783,12.994,2031-01-03,14.47
332358,0.156,158.736,10.206,2037-04-17,13.39
332358,0.212,114.926,17.095,2034-03-04,13.97
332358,0.233,165.401,10.784,2036-03-05,12.99
332358,0.155,122.287,13.066,2038-07-31,14.08
332358,0.199,190.682,7.526,2035-01-22,14.79
332358,0.251,159.989,14.931,2032-09-14,13.62
332358,0.278,210.362,13.708,2031-09-14,10.68
332358,0.152,148.372,9.066,2035-07-03,13.66
332358,0.174,155.509,7.114,2036-11-28,13.96
332358,0.087,130.47,8.948,2033-06-25,10.51
332358,0.161,196.42,9.842,2034-10-06,14.4
332358,0.284,104.88,13.295,2035-02-05,10.46
332358,0.233,164.726,9.988,2038-01-26,13.31
332358,0.192,121.378,5.981,2039-05-31,11.16
332358,0.1,176.688,16.11,2031-10-24,14.41
332358,0.105,153.87,9.632,2034-08-09,14.56
332358,0.25,117.871,13.095,2038-09-27,13.21
332358,0.224,223.027,17.384,2032-02-01,14.42
332358,0.156,151.767,13.452,2038-08-16,14.98
332358,0.178,165.47,5.637,2035-06-29,13.39
332358,0.153,217.571,24.899,2036-05-30,11.91
332358,0.134,214.464,13.311,2038-04-06,14.47
